npm warn tar TAR_ENTRY_ERROR UNKNOWN: unknown error, open 'D:\self-blog\node_modules\devlop\license'
npm warn tar TAR_ENTRY_ERROR UNKNOWN: unknown error, open 'D:\self-blog\node_modules\is-generator-function\.eslintrc'
npm warn tar TAR_ENTRY_ERROR UNKNOWN: unknown error, open 'D:\self-blog\node_modules\is-weakset\.editorconfig'
npm warn tar TAR_ENTRY_ERROR UNKNOWN: unknown error, open 'D:\self-blog\node_modules\is-map\.editorconfig'
npm warn tar TAR_ENTRY_ERROR UNKNOWN: unknown error, open 'D:\self-blog\node_modules\which-collection\.eslintrc'
npm warn tar TAR_ENTRY_ERROR UNKNOWN: unknown error, open 'D:\self-blog\node_modules\is-weakmap\.editorconfig'
npm warn tar TAR_ENTRY_ERROR UNKNOWN: unknown error, open 'D:\self-blog\node_modules\is-finalizationregistry\.eslintrc'
npm warn tar TAR_ENTRY_ERROR UNKNOWN: unknown error, open 'D:\self-blog\node_modules\is-generator-function\.nvmrc'
npm warn tar TAR_ENTRY_ERROR UNKNOWN: unknown error, open 'D:\self-blog\node_modules\is-weakset\.eslintrc'
npm warn tar TAR_ENTRY_ERROR UNKNOWN: unknown error, open 'D:\self-blog\node_modules\is-map\.eslintrc'
npm warn tar TAR_ENTRY_ERROR UNKNOWN: unknown error, open 'D:\self-blog\node_modules\which-collection\.nycrc'
npm warn tar TAR_ENTRY_ERROR UNKNOWN: unknown error, open 'D:\self-blog\node_modules\is-weakmap\.eslintrc'
npm warn tar TAR_ENTRY_ERROR UNKNOWN: unknown error, open 'D:\self-blog\node_modules\is-finalizationregistry\.nycrc'
npm warn deprecated inflight@1.0.6: This module is not supported, and leaks memory. Do not use it. Check out lru-cache if you want a good and tested way to coalesce async requests by a key value, which is much more comprehensive and powerful.
npm warn deprecated rimraf@3.0.2: Rimraf versions prior to v4 are no longer supported
npm warn deprecated glob@7.2.3: Glob versions prior to v9 are no longer supported
npm warn deprecated @humanwhocodes/object-schema@2.0.3: Use @eslint/object-schema instead
npm warn deprecated @humanwhocodes/config-array@0.13.0: Use @eslint/config-array instead
npm warn tar TAR_ENTRY_ERROR ENOENT: no such file or directory, open 'D:\self-blog\node_modules\es-abstract\operations\es5.js'
npm warn tar TAR_ENTRY_ERROR ENOENT: no such file or directory, open 'D:\self-blog\node_modules\@typescript-eslint\eslint-plugin\dist\rules\prefer-optional-chain-utils\PreferOptionalChainOptions.js'
npm warn tar TAR_ENTRY_ERROR ENOENT: no such file or directory, open 'D:\self-blog\node_modules\@typescript-eslint\eslint-plugin\dist\configs\eslintrc\recommended-type-checked-only.js'
npm warn tar TAR_ENTRY_ERROR ENOENT: no such file or directory, open 'D:\self-blog\node_modules\@typescript-eslint\eslint-plugin\dist\configs\flat\recommended-type-checked-only.js'
npm warn tar TAR_ENTRY_ERROR ENOENT: no such file or directory, open 'D:\self-blog\node_modules\@typescript-eslint\eslint-plugin\dist\configs\eslintrc\recommended-type-checked.js'
npm warn tar TAR_ENTRY_ERROR ENOENT: no such file or directory, open 'D:\self-blog\node_modules\@typescript-eslint\eslint-plugin\dist\configs\flat\recommended-type-checked.js'
npm warn tar TAR_ENTRY_ERROR ENOENT: no such file or directory, open 'D:\self-blog\node_modules\@typescript-eslint\eslint-plugin\dist\configs\eslintrc\recommended.js'
npm warn tar TAR_ENTRY_ERROR ENOENT: no such file or directory, open 'D:\self-blog\node_modules\@typescript-eslint\eslint-plugin\dist\configs\flat\recommended.js'
npm warn tar TAR_ENTRY_ERROR ENOENT: no such file or directory, open 'D:\self-blog\node_modules\@typescript-eslint\eslint-plugin\dist\configs\eslintrc\strict-type-checked-only.js'
npm warn tar TAR_ENTRY_ERROR ENOENT: no such file or directory, open 'D:\self-blog\node_modules\@typescript-eslint\eslint-plugin\dist\configs\flat\strict-type-checked-only.js'
npm warn tar TAR_ENTRY_ERROR ENOENT: no such file or directory, open 'D:\self-blog\node_modules\@typescript-eslint\eslint-plugin\dist\configs\eslintrc\strict-type-checked.js'
npm warn tar TAR_ENTRY_ERROR ENOENT: no such file or directory, open 'D:\self-blog\node_modules\@typescript-eslint\eslint-plugin\dist\configs\flat\strict-type-checked.js'
npm warn tar TAR_ENTRY_ERROR ENOENT: no such file or directory, open 'D:\self-blog\node_modules\@typescript-eslint\eslint-plugin\dist\configs\eslintrc\strict.js'
npm warn tar TAR_ENTRY_ERROR ENOENT: no such file or directory, open 'D:\self-blog\node_modules\@typescript-eslint\eslint-plugin\dist\configs\flat\strict.js'
npm warn tar TAR_ENTRY_ERROR ENOENT: no such file or directory, open 'D:\self-blog\node_modules\@typescript-eslint\eslint-plugin\dist\configs\eslintrc\stylistic-type-checked-only.js'
npm warn tar TAR_ENTRY_ERROR ENOENT: no such file or directory, open 'D:\self-blog\node_modules\@typescript-eslint\eslint-plugin\dist\configs\flat\stylistic-type-checked-only.js'
npm warn tar TAR_ENTRY_ERROR ENOENT: no such file or directory, open 'D:\self-blog\node_modules\@typescript-eslint\eslint-plugin\dist\configs\eslintrc\stylistic-type-checked.js'
npm warn tar TAR_ENTRY_ERROR ENOENT: no such file or directory, open 'D:\self-blog\node_modules\@typescript-eslint\eslint-plugin\dist\configs\flat\stylistic-type-checked.js'
npm warn tar TAR_ENTRY_ERROR ENOENT: no such file or directory, open 'D:\self-blog\node_modules\@typescript-eslint\eslint-plugin\dist\configs\eslintrc\stylistic.js'
npm warn tar TAR_ENTRY_ERROR ENOENT: no such file or directory, open 'D:\self-blog\node_modules\@typescript-eslint\eslint-plugin\dist\configs\flat\stylistic.js'
npm warn tar TAR_ENTRY_ERROR ENOENT: no such file or directory, open 'D:\self-blog\node_modules\@typescript-eslint\eslint-plugin\dist\util\class-scope-analyzer\types.js'
npm warn tar TAR_ENTRY_ERROR ENOENT: no such file or directory, open 'D:\self-blog\node_modules\@typescript-eslint\eslint-plugin\dist\configs\eslintrc\all.d.ts'
npm warn tar TAR_ENTRY_ERROR ENOENT: no such file or directory, open 'D:\self-blog\node_modules\@typescript-eslint\eslint-plugin\dist\configs\flat\all.d.ts'
npm warn tar TAR_ENTRY_ERROR ENOENT: no such file or directory, open 'D:\self-blog\node_modules\@typescript-eslint\eslint-plugin\dist\rules\prefer-optional-chain-utils\analyzeChain.d.ts'
npm warn tar TAR_ENTRY_ERROR ENOENT: no such file or directory, open 'D:\self-blog\node_modules\@typescript-eslint\eslint-plugin\dist\configs\eslintrc\base.d.ts'
npm warn tar TAR_ENTRY_ERROR ENOENT: no such file or directory, open 'D:\self-blog\node_modules\@typescript-eslint\eslint-plugin\dist\configs\flat\base.d.ts'
npm warn tar TAR_ENTRY_ERROR ENOENT: no such file or directory, open 'D:\self-blog\node_modules\@typescript-eslint\eslint-plugin\dist\rules\prefer-optional-chain-utils\checkNullishAndReport.d.ts'
npm warn tar TAR_ENTRY_ERROR ENOENT: no such file or directory, open 'D:\self-blog\node_modules\@typescript-eslint\eslint-plugin\dist\util\class-scope-analyzer\classScopeAnalyzer.d.ts'
npm warn tar TAR_ENTRY_ERROR ENOENT: no such file or directory, open 'D:\self-blog\node_modules\@typescript-eslint\eslint-plugin\dist\rules\prefer-optional-chain-utils\compareNodes.d.ts'
npm warn tar TAR_ENTRY_ERROR ENOENT: no such file or directory, open 'D:\self-blog\node_modules\@typescript-eslint\eslint-plugin\dist\configs\eslintrc\disable-type-checked.d.ts'
npm warn tar TAR_ENTRY_ERROR ENOENT: no such file or directory, open 'D:\self-blog\node_modules\@typescript-eslint\eslint-plugin\dist\configs\flat\disable-type-checked.d.ts'
npm warn tar TAR_ENTRY_ERROR ENOENT: no such file or directory, open 'D:\self-blog\node_modules\@typescript-eslint\eslint-plugin\dist\configs\eslint-recommended-raw.d.ts'
npm warn tar TAR_ENTRY_ERROR ENOENT: no such file or directory, open 'D:\self-blog\node_modules\@typescript-eslint\eslint-plugin\dist\configs\eslintrc\eslint-recommended.d.ts'
npm warn tar TAR_ENTRY_ERROR ENOENT: no such file or directory, open 'D:\self-blog\node_modules\@typescript-eslint\eslint-plugin\dist\configs\flat\eslint-recommended.d.ts'
npm warn tar TAR_ENTRY_ERROR ENOENT: no such file or directory, open 'D:\self-blog\node_modules\@typescript-eslint\eslint-plugin\dist\util\class-scope-analyzer\extractComputedName.d.ts'
npm warn tar TAR_ENTRY_ERROR ENOENT: no such file or directory, open 'D:\self-blog\node_modules\@typescript-eslint\eslint-plugin\dist\rules\prefer-optional-chain-utils\gatherLogicalOperands.d.ts'
npm warn tar TAR_ENTRY_ERROR ENOENT: no such file or directory, open 'D:\self-blog\node_modules\@napi-rs\wasm-runtime\dist\runtime.js'
npm warn tar TAR_ENTRY_ERROR ENOENT: no such file or directory, open 'D:\self-blog\node_modules\@typescript-eslint\eslint-plugin\dist\rules\prefer-optional-chain-utils\PreferOptionalChainOptions.d.ts'
npm warn tar TAR_ENTRY_ERROR ENOENT: no such file or directory, open 'D:\self-blog\node_modules\@typescript-eslint\eslint-plugin\dist\configs\eslintrc\recommended-type-checked-only.d.ts'
npm warn tar TAR_ENTRY_ERROR ENOENT: no such file or directory, open 'D:\self-blog\node_modules\@typescript-eslint\eslint-plugin\dist\configs\flat\recommended-type-checked-only.d.ts'
npm warn tar TAR_ENTRY_ERROR ENOENT: no such file or directory, open 'D:\self-blog\node_modules\@typescript-eslint\eslint-plugin\dist\configs\eslintrc\recommended-type-checked.d.ts'
npm warn tar TAR_ENTRY_ERROR ENOENT: no such file or directory, open 'D:\self-blog\node_modules\@typescript-eslint\eslint-plugin\dist\configs\flat\recommended-type-checked.d.ts'
npm warn tar TAR_ENTRY_ERROR ENOENT: no such file or directory, open 'D:\self-blog\node_modules\@typescript-eslint\eslint-plugin\dist\configs\eslintrc\recommended.d.ts'
npm warn tar TAR_ENTRY_ERROR ENOENT: no such file or directory, open 'D:\self-blog\node_modules\@typescript-eslint\eslint-plugin\dist\configs\flat\recommended.d.ts'
npm warn tar TAR_ENTRY_ERROR ENOENT: no such file or directory, open 'D:\self-blog\node_modules\@typescript-eslint\eslint-plugin\dist\configs\eslintrc\strict-type-checked-only.d.ts'
npm warn tar TAR_ENTRY_ERROR ENOENT: no such file or directory, open 'D:\self-blog\node_modules\@typescript-eslint\eslint-plugin\dist\configs\flat\strict-type-checked-only.d.ts'
npm warn tar TAR_ENTRY_ERROR ENOENT: no such file or directory, open 'D:\self-blog\node_modules\@typescript-eslint\eslint-plugin\dist\configs\eslintrc\strict-type-checked.d.ts'
npm warn tar TAR_ENTRY_ERROR ENOENT: no such file or directory, open 'D:\self-blog\node_modules\@typescript-eslint\eslint-plugin\dist\configs\flat\strict-type-checked.d.ts'
npm warn tar TAR_ENTRY_ERROR ENOENT: no such file or directory, open 'D:\self-blog\node_modules\@typescript-eslint\eslint-plugin\dist\configs\eslintrc\strict.d.ts'
npm warn tar TAR_ENTRY_ERROR ENOENT: no such file or directory, open 'D:\self-blog\node_modules\@typescript-eslint\eslint-plugin\dist\configs\flat\strict.d.ts'
npm warn tar TAR_ENTRY_ERROR ENOENT: no such file or directory, open 'D:\self-blog\node_modules\@typescript-eslint\eslint-plugin\dist\configs\eslintrc\stylistic-type-checked-only.d.ts'
npm warn tar TAR_ENTRY_ERROR ENOENT: no such file or directory, open 'D:\self-blog\node_modules\@typescript-eslint\eslint-plugin\dist\configs\flat\stylistic-type-checked-only.d.ts'
npm warn tar TAR_ENTRY_ERROR ENOENT: no such file or directory, open 'D:\self-blog\node_modules\@typescript-eslint\eslint-plugin\dist\configs\eslintrc\stylistic-type-checked.d.ts'
npm warn tar TAR_ENTRY_ERROR ENOENT: no such file or directory, open 'D:\self-blog\node_modules\@typescript-eslint\eslint-plugin\dist\configs\flat\stylistic-type-checked.d.ts'
npm warn tar TAR_ENTRY_ERROR ENOENT: no such file or directory, open 'D:\self-blog\node_modules\@typescript-eslint\eslint-plugin\dist\configs\eslintrc\stylistic.d.ts'
npm warn tar TAR_ENTRY_ERROR ENOENT: no such file or directory, open 'D:\self-blog\node_modules\@typescript-eslint\eslint-plugin\dist\configs\flat\stylistic.d.ts'
npm warn tar TAR_ENTRY_ERROR ENOENT: no such file or directory, open 'D:\self-blog\node_modules\@typescript-eslint\eslint-plugin\dist\util\class-scope-analyzer\types.d.ts'
npm warn deprecated three-mesh-bvh@0.7.8: Deprecated due to three.js version incompatibility. Please use v0.8.0, instead.
npm warn deprecated eslint@8.57.1: This version is no longer supported. Please see https://eslint.org/version-support for other options.
npm warn tar TAR_ENTRY_ERROR ENOENT: no such file or directory, open 'D:\self-blog\node_modules\next\dist\compiled\react-dom\cjs\react-dom-profiling.profiling.js'
npm warn tar TAR_ENTRY_ERROR ENOENT: no such file or directory, lstat 'D:\self-blog\node_modules\next\dist'
npm warn tar TAR_ENTRY_ERROR ENOENT: no such file or directory, lstat 'D:\self-blog\node_modules\next\dist'
npm warn tar TAR_ENTRY_ERROR ENOENT: no such file or directory, open 'D:\self-blog\node_modules\next\dist\compiled\react-dom-experimental\cjs\react-dom-server-legacy.browser.development.js'
npm warn tar TAR_ENTRY_ERROR ENOENT: no such file or directory, open 'D:\self-blog\node_modules\next\dist\compiled\react-dom\cjs\react-dom-server-legacy.browser.development.js'
npm warn tar TAR_ENTRY_ERROR ENOENT: no such file or directory, open 'D:\self-blog\node_modules\next\dist\compiled\react-dom-experimental\cjs\react-dom-server-legacy.browser.production.js'
npm warn tar TAR_ENTRY_ERROR ENOENT: no such file or directory, open 'D:\self-blog\node_modules\next\dist\compiled\react-dom\cjs\react-dom-server-legacy.browser.production.js'
npm warn tar TAR_ENTRY_ERROR ENOENT: no such file or directory, open 'D:\self-blog\node_modules\next\dist\compiled\react-dom-experimental\cjs\react-dom-server-legacy.node.development.js'
npm warn tar TAR_ENTRY_ERROR ENOENT: no such file or directory, open 'D:\self-blog\node_modules\next\dist\compiled\react-dom\cjs\react-dom-server-legacy.node.development.js'
npm warn tar TAR_ENTRY_ERROR ENOENT: no such file or directory, open 'D:\self-blog\node_modules\next\dist\compiled\react-dom-experimental\cjs\react-dom-server-legacy.node.production.js'
npm warn tar TAR_ENTRY_ERROR ENOENT: no such file or directory, open 'D:\self-blog\node_modules\next\dist\compiled\react-dom\cjs\react-dom-server-legacy.node.production.js'
npm warn tar TAR_ENTRY_ERROR ENOENT: no such file or directory, open 'D:\self-blog\node_modules\next\dist\compiled\react-dom-experimental\cjs\react-dom-server.browser.development.js'
npm warn tar TAR_ENTRY_ERROR ENOENT: no such file or directory, open 'D:\self-blog\node_modules\next\dist\compiled\react-dom\cjs\react-dom-server.browser.development.js'
npm warn tar TAR_ENTRY_ERROR ENOENT: no such file or directory, open 'D:\self-blog\node_modules\next\dist\compiled\react-dom-experimental\cjs\react-dom-server.browser.production.js'
npm warn tar TAR_ENTRY_ERROR ENOENT: no such file or directory, open 'D:\self-blog\node_modules\next\dist\compiled\react-dom\cjs\react-dom-server.browser.production.js'
npm warn tar TAR_ENTRY_ERROR ENOENT: no such file or directory, open 'D:\self-blog\node_modules\next\dist\compiled\react-dom-experimental\cjs\react-dom-server.bun.production.js'
npm warn tar TAR_ENTRY_ERROR ENOENT: no such file or directory, open 'D:\self-blog\node_modules\next\dist\compiled\react-dom\cjs\react-dom-server.bun.production.js'
npm warn tar TAR_ENTRY_ERROR ENOENT: no such file or directory, open 'D:\self-blog\node_modules\next\dist\compiled\react-dom-experimental\cjs\react-dom-server.edge.development.js'
npm warn tar TAR_ENTRY_ERROR ENOENT: no such file or directory, open 'D:\self-blog\node_modules\next\dist\compiled\react-dom\cjs\react-dom-server.edge.development.js'
npm warn tar TAR_ENTRY_ERROR ENOENT: no such file or directory, open 'D:\self-blog\node_modules\next\dist\compiled\react-dom-experimental\cjs\react-dom-server.edge.production.js'
npm warn tar TAR_ENTRY_ERROR ENOENT: no such file or directory, open 'D:\self-blog\node_modules\next\dist\compiled\react-dom\cjs\react-dom-server.edge.production.js'
npm warn tar TAR_ENTRY_ERROR ENOENT: no such file or directory, lstat 'D:\self-blog\node_modules\next\dist'
npm warn tar TAR_ENTRY_ERROR ENOENT: no such file or directory, lstat 'D:\self-blog\node_modules\next\dist'
npm warn tar TAR_ENTRY_ERROR ENOENT: no such file or directory, open 'D:\self-blog\node_modules\next\dist\esm\server\route-modules\app-page\vendored\ssr\react-dom-server.js'
npm warn tar TAR_ENTRY_ERROR ENOENT: no such file or directory, open 'D:\self-blog\node_modules\next\dist\server\route-modules\app-page\vendored\ssr\react-dom-server.js'
npm warn tar TAR_ENTRY_ERROR ENOENT: no such file or directory, open 'D:\self-blog\node_modules\next\dist\compiled\react-dom-experimental\cjs\react-dom-server.node.development.js'
npm warn tar TAR_ENTRY_ERROR ENOENT: no such file or directory, open 'D:\self-blog\node_modules\next\dist\compiled\react-dom\cjs\react-dom-server.node.development.js'
npm warn tar TAR_ENTRY_ERROR ENOENT: no such file or directory, open 'D:\self-blog\node_modules\next\dist\compiled\react-dom-experimental\cjs\react-dom-server.node.production.js'
npm warn tar TAR_ENTRY_ERROR ENOENT: no such file or directory, open 'D:\self-blog\node_modules\next\dist\compiled\react-dom\cjs\react-dom-server.node.production.js'
npm warn tar TAR_ENTRY_ERROR ENOENT: no such file or directory, open 'D:\self-blog\node_modules\next\dist\compiled\react-dom-experimental\cjs\react-dom-test-utils.production.js'
npm warn tar TAR_ENTRY_ERROR ENOENT: no such file or directory, open 'D:\self-blog\node_modules\next\dist\compiled\react-dom\cjs\react-dom-test-utils.production.js'
npm warn tar TAR_ENTRY_ERROR ENOENT: no such file or directory, open 'D:\self-blog\node_modules\next\dist\compiled\react-dom-experimental\cjs\react-dom-unstable_testing.development.js'
npm warn tar TAR_ENTRY_ERROR ENOENT: no such file or directory, open 'D:\self-blog\node_modules\next\dist\compiled\react-dom-experimental\cjs\react-dom-unstable_testing.production.js'
npm warn tar TAR_ENTRY_ERROR ENOENT: no such file or directory, open 'D:\self-blog\node_modules\next\dist\compiled\react-dom-experimental\cjs\react-dom.development.js'
npm warn tar TAR_ENTRY_ERROR ENOENT: no such file or directory, open 'D:\self-blog\node_modules\next\dist\compiled\react-dom\cjs\react-dom.development.js'
npm warn tar TAR_ENTRY_ERROR ENOENT: no such file or directory, open 'D:\self-blog\node_modules\next\dist\esm\server\route-modules\app-page\vendored\rsc\react-dom.js'
npm warn tar TAR_ENTRY_ERROR ENOENT: no such file or directory, open 'D:\self-blog\node_modules\next\dist\esm\server\route-modules\app-page\vendored\ssr\react-dom.js'
npm warn tar TAR_ENTRY_ERROR ENOENT: no such file or directory, open 'D:\self-blog\node_modules\next\dist\server\route-modules\app-page\vendored\rsc\react-dom.js'
npm warn tar TAR_ENTRY_ERROR ENOENT: no such file or directory, open 'D:\self-blog\node_modules\next\dist\server\route-modules\app-page\vendored\ssr\react-dom.js'
npm warn tar TAR_ENTRY_ERROR ENOENT: no such file or directory, open 'D:\self-blog\node_modules\next\dist\compiled\react-dom-experimental\cjs\react-dom.production.js'
npm warn tar TAR_ENTRY_ERROR ENOENT: no such file or directory, open 'D:\self-blog\node_modules\next\dist\compiled\react-dom\cjs\react-dom.production.js'
npm warn tar TAR_ENTRY_ERROR ENOENT: no such file or directory, open 'D:\self-blog\node_modules\next\dist\compiled\react-dom-experimental\cjs\react-dom.react-server.development.js'
npm warn tar TAR_ENTRY_ERROR ENOENT: no such file or directory, open 'D:\self-blog\node_modules\next\dist\compiled\react-dom\cjs\react-dom.react-server.development.js'
npm warn tar TAR_ENTRY_ERROR ENOENT: no such file or directory, open 'D:\self-blog\node_modules\next\dist\compiled\react-dom-experimental\react-dom.react-server.js'
npm warn tar TAR_ENTRY_ERROR ENOENT: no such file or directory, open 'D:\self-blog\node_modules\next\dist\compiled\react-dom\react-dom.react-server.js'
npm warn tar TAR_ENTRY_ERROR ENOENT: no such file or directory, open 'D:\self-blog\node_modules\next\dist\compiled\react-dom-experimental\cjs\react-dom.react-server.production.js'
npm warn tar TAR_ENTRY_ERROR ENOENT: no such file or directory, open 'D:\self-blog\node_modules\next\dist\compiled\react-dom\cjs\react-dom.react-server.production.js'
npm warn tar TAR_ENTRY_ERROR ENOENT: no such file or directory, lstat 'D:\self-blog\node_modules\next\dist'
npm warn tar TAR_ENTRY_ERROR ENOENT: no such file or directory, lstat 'D:\self-blog\node_modules\next\dist'
npm warn tar TAR_ENTRY_ERROR ENOENT: no such file or directory, open 'D:\self-blog\node_modules\next\dist\compiled\react-experimental\cjs\react-jsx-dev-runtime.development.js'
npm warn tar TAR_ENTRY_ERROR ENOENT: no such file or directory, open 'D:\self-blog\node_modules\next\dist\compiled\react\cjs\react-jsx-dev-runtime.development.js'
npm warn tar TAR_ENTRY_ERROR ENOENT: no such file or directory, open 'D:\self-blog\node_modules\next\dist\esm\server\route-modules\app-page\vendored\rsc\react-jsx-dev-runtime.js'
npm warn tar TAR_ENTRY_ERROR ENOENT: no such file or directory, open 'D:\self-blog\node_modules\next\dist\esm\server\route-modules\app-page\vendored\ssr\react-jsx-dev-runtime.js'
npm warn tar TAR_ENTRY_ERROR ENOENT: no such file or directory, open 'D:\self-blog\node_modules\next\dist\server\route-modules\app-page\vendored\rsc\react-jsx-dev-runtime.js'
npm warn tar TAR_ENTRY_ERROR ENOENT: no such file or directory, open 'D:\self-blog\node_modules\next\dist\server\route-modules\app-page\vendored\ssr\react-jsx-dev-runtime.js'
npm warn tar TAR_ENTRY_ERROR ENOENT: no such file or directory, open 'D:\self-blog\node_modules\next\dist\compiled\react-experimental\cjs\react-jsx-dev-runtime.production.js'
npm warn tar TAR_ENTRY_ERROR ENOENT: no such file or directory, open 'D:\self-blog\node_modules\next\dist\compiled\react\cjs\react-jsx-dev-runtime.production.js'
npm warn tar TAR_ENTRY_ERROR ENOENT: no such file or directory, open 'D:\self-blog\node_modules\next\dist\compiled\react-experimental\cjs\react-jsx-dev-runtime.profiling.js'
npm warn tar TAR_ENTRY_ERROR ENOENT: no such file or directory, open 'D:\self-blog\node_modules\next\dist\compiled\react\cjs\react-jsx-dev-runtime.profiling.js'
npm warn tar TAR_ENTRY_ERROR ENOENT: no such file or directory, open 'D:\self-blog\node_modules\next\dist\compiled\react-experimental\cjs\react-jsx-dev-runtime.react-server.development.js'
npm warn tar TAR_ENTRY_ERROR ENOENT: no such file or directory, open 'D:\self-blog\node_modules\next\dist\compiled\react\cjs\react-jsx-dev-runtime.react-server.development.js'
npm warn tar TAR_ENTRY_ERROR ENOENT: no such file or directory, open 'D:\self-blog\node_modules\next\dist\compiled\react-experimental\cjs\react-jsx-dev-runtime.react-server.production.js'
npm warn tar TAR_ENTRY_ERROR ENOENT: no such file or directory, open 'D:\self-blog\node_modules\next\dist\compiled\react\cjs\react-jsx-dev-runtime.react-server.production.js'
npm warn tar TAR_ENTRY_ERROR ENOENT: no such file or directory, open 'D:\self-blog\node_modules\next\dist\compiled\react-experimental\cjs\react-jsx-runtime.development.js'
npm warn tar TAR_ENTRY_ERROR ENOENT: no such file or directory, open 'D:\self-blog\node_modules\next\dist\compiled\react\cjs\react-jsx-runtime.development.js'
npm warn tar TAR_ENTRY_ERROR ENOENT: no such file or directory, open 'D:\self-blog\node_modules\next\dist\esm\server\route-modules\app-page\vendored\rsc\react-jsx-runtime.js'
npm warn tar TAR_ENTRY_ERROR ENOENT: no such file or directory, open 'D:\self-blog\node_modules\next\dist\esm\server\route-modules\app-page\vendored\ssr\react-jsx-runtime.js'
npm warn tar TAR_ENTRY_ERROR ENOENT: no such file or directory, open 'D:\self-blog\node_modules\next\dist\server\route-modules\app-page\vendored\rsc\react-jsx-runtime.js'
npm warn tar TAR_ENTRY_ERROR ENOENT: no such file or directory, open 'D:\self-blog\node_modules\next\dist\server\route-modules\app-page\vendored\ssr\react-jsx-runtime.js'
npm warn tar TAR_ENTRY_ERROR ENOENT: no such file or directory, open 'D:\self-blog\node_modules\next\dist\compiled\react-experimental\cjs\react-jsx-runtime.production.js'
npm warn tar TAR_ENTRY_ERROR ENOENT: no such file or directory, open 'D:\self-blog\node_modules\next\dist\compiled\react\cjs\react-jsx-runtime.production.js'
npm warn tar TAR_ENTRY_ERROR ENOENT: no such file or directory, open 'D:\self-blog\node_modules\next\dist\compiled\react-experimental\cjs\react-jsx-runtime.profiling.js'
npm warn tar TAR_ENTRY_ERROR ENOENT: no such file or directory, open 'D:\self-blog\node_modules\next\dist\compiled\react\cjs\react-jsx-runtime.profiling.js'
npm warn tar TAR_ENTRY_ERROR ENOENT: no such file or directory, open 'D:\self-blog\node_modules\next\dist\compiled\react-experimental\cjs\react-jsx-runtime.react-server.development.js'
npm warn tar TAR_ENTRY_ERROR ENOENT: no such file or directory, open 'D:\self-blog\node_modules\next\dist\compiled\react\cjs\react-jsx-runtime.react-server.development.js'
npm warn tar TAR_ENTRY_ERROR ENOENT: no such file or directory, open 'D:\self-blog\node_modules\next\dist\compiled\react-experimental\cjs\react-jsx-runtime.react-server.production.js'
npm warn tar TAR_ENTRY_ERROR ENOENT: no such file or directory, open 'D:\self-blog\node_modules\next\dist\compiled\react\cjs\react-jsx-runtime.react-server.production.js'
npm warn tar TAR_ENTRY_ERROR ENOENT: no such file or directory, open 'D:\self-blog\node_modules\next\dist\esm\server\app-render\react-large-shell-error.js'
npm warn tar TAR_ENTRY_ERROR ENOENT: no such file or directory, open 'D:\self-blog\node_modules\next\dist\server\app-render\react-large-shell-error.js'
npm warn tar TAR_ENTRY_ERROR ENOENT: no such file or directory, open 'D:\self-blog\node_modules\next\dist\build\babel\plugins\react-loadable-plugin.js'
npm warn tar TAR_ENTRY_ERROR ENOENT: no such file or directory, open 'D:\self-blog\node_modules\next\dist\build\webpack\plugins\react-loadable-plugin.js'
npm warn tar TAR_ENTRY_ERROR ENOENT: no such file or directory, open 'D:\self-blog\node_modules\next\dist\esm\build\babel\plugins\react-loadable-plugin.js'
npm warn tar TAR_ENTRY_ERROR ENOENT: no such file or directory, open 'D:\self-blog\node_modules\next\dist\esm\build\webpack\plugins\react-loadable-plugin.js'
npm warn tar TAR_ENTRY_ERROR ENOENT: no such file or directory, lstat 'D:\self-blog\node_modules\next\dist'
npm warn tar TAR_ENTRY_ERROR ENOENT: no such file or directory, lstat 'D:\self-blog\node_modules\next\dist'
npm warn tar TAR_ENTRY_ERROR ENOENT: no such file or directory, lstat 'D:\self-blog\node_modules\next\dist'
npm warn tar TAR_ENTRY_ERROR ENOENT: no such file or directory, lstat 'D:\self-blog\node_modules\next\dist'
npm warn tar TAR_ENTRY_ERROR ENOENT: no such file or directory, lstat 'D:\self-blog\node_modules\next\dist'
npm warn tar TAR_ENTRY_ERROR ENOENT: no such file or directory, lstat 'D:\self-blog\node_modules\next\dist'
npm warn tar TAR_ENTRY_ERROR ENOENT: no such file or directory, lstat 'D:\self-blog\node_modules\next\dist'
npm warn tar TAR_ENTRY_ERROR ENOENT: no such file or directory, lstat 'D:\self-blog\node_modules\next\dist'
npm warn tar TAR_ENTRY_ERROR ENOENT: no such file or directory, lstat 'D:\self-blog\node_modules\next\dist'
npm warn tar TAR_ENTRY_ERROR ENOENT: no such file or directory, lstat 'D:\self-blog\node_modules\next\dist'
npm warn tar TAR_ENTRY_ERROR ENOENT: no such file or directory, lstat 'D:\self-blog\node_modules\next\dist'
npm warn tar TAR_ENTRY_ERROR ENOENT: no such file or directory, lstat 'D:\self-blog\node_modules\next\dist'
npm warn tar TAR_ENTRY_ERROR ENOENT: no such file or directory, open 'D:\self-blog\node_modules\next\dist\esm\server\route-modules\app-page\vendored\ssr\react-server-dom-turbopack-client.js'
npm warn tar TAR_ENTRY_ERROR ENOENT: no such file or directory, open 'D:\self-blog\node_modules\next\dist\server\route-modules\app-page\vendored\ssr\react-server-dom-turbopack-client.js'
npm warn tar TAR_ENTRY_ERROR ENOENT: no such file or directory, lstat 'D:\self-blog\node_modules\next\dist'
npm warn tar TAR_ENTRY_ERROR ENOENT: no such file or directory, lstat 'D:\self-blog\node_modules\next\dist'
npm warn tar TAR_ENTRY_ERROR ENOENT: no such file or directory, lstat 'D:\self-blog\node_modules\next\dist'
npm warn tar TAR_ENTRY_ERROR ENOENT: no such file or directory, lstat 'D:\self-blog\node_modules\next\dist'
npm warn tar TAR_ENTRY_ERROR ENOENT: no such file or directory, lstat 'D:\self-blog\node_modules\next\dist'
npm warn tar TAR_ENTRY_ERROR ENOENT: no such file or directory, lstat 'D:\self-blog\node_modules\next\dist'
npm warn tar TAR_ENTRY_ERROR ENOENT: no such file or directory, lstat 'D:\self-blog\node_modules\next\dist'
npm warn tar TAR_ENTRY_ERROR ENOENT: no such file or directory, lstat 'D:\self-blog\node_modules\next\dist'
npm warn tar TAR_ENTRY_ERROR ENOENT: no such file or directory, lstat 'D:\self-blog\node_modules\next\dist'
npm warn tar TAR_ENTRY_ERROR ENOENT: no such file or directory, lstat 'D:\self-blog\node_modules\next\dist'
npm warn tar TAR_ENTRY_ERROR ENOENT: no such file or directory, lstat 'D:\self-blog\node_modules\next\dist'
npm warn tar TAR_ENTRY_ERROR ENOENT: no such file or directory, lstat 'D:\self-blog\node_modules\next\dist'
npm warn tar TAR_ENTRY_ERROR ENOENT: no such file or directory, open 'D:\self-blog\node_modules\next\dist\esm\server\route-modules\app-page\vendored\rsc\react-server-dom-turbopack-server.js'
npm warn tar TAR_ENTRY_ERROR ENOENT: no such file or directory, open 'D:\self-blog\node_modules\next\dist\server\route-modules\app-page\vendored\rsc\react-server-dom-turbopack-server.js'
npm warn tar TAR_ENTRY_ERROR ENOENT: no such file or directory, lstat 'D:\self-blog\node_modules\next\dist'
npm warn tar TAR_ENTRY_ERROR ENOENT: no such file or directory, lstat 'D:\self-blog\node_modules\next\dist'
npm warn tar TAR_ENTRY_ERROR ENOENT: no such file or directory, lstat 'D:\self-blog\node_modules\next\dist'
npm warn tar TAR_ENTRY_ERROR ENOENT: no such file or directory, lstat 'D:\self-blog\node_modules\next\dist'
npm warn tar TAR_ENTRY_ERROR ENOENT: no such file or directory, open 'D:\self-blog\node_modules\next\dist\esm\server\route-modules\app-page\vendored\rsc\react-server-dom-turbopack-static.js'
npm warn tar TAR_ENTRY_ERROR ENOENT: no such file or directory, open 'D:\self-blog\node_modules\next\dist\server\route-modules\app-page\vendored\rsc\react-server-dom-turbopack-static.js'
npm warn tar TAR_ENTRY_ERROR ENOENT: no such file or directory, lstat 'D:\self-blog\node_modules\next\dist'
npm warn tar TAR_ENTRY_ERROR ENOENT: no such file or directory, lstat 'D:\self-blog\node_modules\next\dist'
npm warn tar TAR_ENTRY_ERROR ENOENT: no such file or directory, lstat 'D:\self-blog\node_modules\next\dist'
npm warn tar TAR_ENTRY_ERROR ENOENT: no such file or directory, lstat 'D:\self-blog\node_modules\next\dist'
npm warn tar TAR_ENTRY_ERROR ENOENT: no such file or directory, lstat 'D:\self-blog\node_modules\next\dist'
npm warn tar TAR_ENTRY_ERROR ENOENT: no such file or directory, lstat 'D:\self-blog\node_modules\next\dist'
npm warn tar TAR_ENTRY_ERROR ENOENT: no such file or directory, lstat 'D:\self-blog\node_modules\next\dist'
npm warn tar TAR_ENTRY_ERROR ENOENT: no such file or directory, lstat 'D:\self-blog\node_modules\next\dist'
npm warn tar TAR_ENTRY_ERROR ENOENT: no such file or directory, open 'D:\self-blog\node_modules\next\dist\esm\server\route-modules\app-page\vendored\ssr\react-server-dom-webpack-client.js'
npm warn tar TAR_ENTRY_ERROR ENOENT: no such file or directory, open 'D:\self-blog\node_modules\next\dist\server\route-modules\app-page\vendored\ssr\react-server-dom-webpack-client.js'
npm warn tar TAR_ENTRY_ERROR ENOENT: no such file or directory, lstat 'D:\self-blog\node_modules\next\dist'
npm warn tar TAR_ENTRY_ERROR ENOENT: no such file or directory, lstat 'D:\self-blog\node_modules\next\dist'
npm warn tar TAR_ENTRY_ERROR ENOENT: no such file or directory, lstat 'D:\self-blog\node_modules\next\dist'
npm warn tar TAR_ENTRY_ERROR ENOENT: no such file or directory, lstat 'D:\self-blog\node_modules\next\dist'
npm warn tar TAR_ENTRY_ERROR ENOENT: no such file or directory, lstat 'D:\self-blog\node_modules\next\dist'
npm warn tar TAR_ENTRY_ERROR ENOENT: no such file or directory, lstat 'D:\self-blog\node_modules\next\dist'
npm warn tar TAR_ENTRY_ERROR ENOENT: no such file or directory, lstat 'D:\self-blog\node_modules\next\dist'
npm warn tar TAR_ENTRY_ERROR ENOENT: no such file or directory, lstat 'D:\self-blog\node_modules\next\dist'
npm warn tar TAR_ENTRY_ERROR ENOENT: no such file or directory, lstat 'D:\self-blog\node_modules\next\dist'
npm warn tar TAR_ENTRY_ERROR ENOENT: no such file or directory, lstat 'D:\self-blog\node_modules\next\dist'
npm warn tar TAR_ENTRY_ERROR ENOENT: no such file or directory, lstat 'D:\self-blog\node_modules\next\dist'
npm warn tar TAR_ENTRY_ERROR ENOENT: no such file or directory, lstat 'D:\self-blog\node_modules\next\dist'
npm warn tar TAR_ENTRY_ERROR ENOENT: no such file or directory, lstat 'D:\self-blog\node_modules\next\dist'
npm warn tar TAR_ENTRY_ERROR ENOENT: no such file or directory, lstat 'D:\self-blog\node_modules\next\dist'
npm warn tar TAR_ENTRY_ERROR ENOENT: no such file or directory, lstat 'D:\self-blog\node_modules\next\dist'
npm warn tar TAR_ENTRY_ERROR ENOENT: no such file or directory, lstat 'D:\self-blog\node_modules\next\dist'
npm warn tar TAR_ENTRY_ERROR ENOENT: no such file or directory, lstat 'D:\self-blog\node_modules\next\dist'
npm warn tar TAR_ENTRY_ERROR ENOENT: no such file or directory, lstat 'D:\self-blog\node_modules\next\dist'
npm warn tar TAR_ENTRY_ERROR ENOENT: no such file or directory, lstat 'D:\self-blog\node_modules\next\dist'
npm warn tar TAR_ENTRY_ERROR ENOENT: no such file or directory, lstat 'D:\self-blog\node_modules\next\dist'
npm warn tar TAR_ENTRY_ERROR ENOENT: no such file or directory, open 'D:\self-blog\node_modules\next\dist\esm\server\route-modules\app-page\vendored\rsc\react-server-dom-webpack-server.js'
npm warn tar TAR_ENTRY_ERROR ENOENT: no such file or directory, open 'D:\self-blog\node_modules\next\dist\server\route-modules\app-page\vendored\rsc\react-server-dom-webpack-server.js'
npm warn tar TAR_ENTRY_ERROR ENOENT: no such file or directory, lstat 'D:\self-blog\node_modules\next\dist'
npm warn tar TAR_ENTRY_ERROR ENOENT: no such file or directory, lstat 'D:\self-blog\node_modules\next\dist'
npm warn tar TAR_ENTRY_ERROR ENOENT: no such file or directory, lstat 'D:\self-blog\node_modules\next\dist'
npm warn tar TAR_ENTRY_ERROR ENOENT: no such file or directory, lstat 'D:\self-blog\node_modules\next\dist'
npm warn tar TAR_ENTRY_ERROR ENOENT: no such file or directory, lstat 'D:\self-blog\node_modules\next\dist'
npm warn tar TAR_ENTRY_ERROR ENOENT: no such file or directory, lstat 'D:\self-blog\node_modules\next\dist'
npm warn tar TAR_ENTRY_ERROR ENOENT: no such file or directory, lstat 'D:\self-blog\node_modules\next\dist'
npm warn tar TAR_ENTRY_ERROR ENOENT: no such file or directory, lstat 'D:\self-blog\node_modules\next\dist'
npm warn tar TAR_ENTRY_ERROR ENOENT: no such file or directory, open 'D:\self-blog\node_modules\next\dist\esm\server\route-modules\app-page\vendored\rsc\react-server-dom-webpack-static.js'
npm warn tar TAR_ENTRY_ERROR ENOENT: no such file or directory, open 'D:\self-blog\node_modules\next\dist\server\route-modules\app-page\vendored\rsc\react-server-dom-webpack-static.js'
npm warn tar TAR_ENTRY_ERROR ENOENT: no such file or directory, open 'D:\self-blog\node_modules\next\dist\esm\server\app-render\react-server.node.js'
npm warn tar TAR_ENTRY_ERROR ENOENT: no such file or directory, open 'D:\self-blog\node_modules\next\dist\server\app-render\react-server.node.js'
npm warn tar TAR_ENTRY_ERROR ENOENT: no such file or directory, open 'D:\self-blog\node_modules\next\dist\compiled\react-experimental\cjs\react.development.js'
npm warn tar TAR_ENTRY_ERROR ENOENT: no such file or directory, open 'D:\self-blog\node_modules\next\dist\compiled\react\cjs\react.development.js'
npm warn tar TAR_ENTRY_ERROR ENOENT: no such file or directory, open 'D:\self-blog\node_modules\next\dist\esm\server\route-modules\app-page\vendored\rsc\react.js'
npm warn tar TAR_ENTRY_ERROR ENOENT: no such file or directory, open 'D:\self-blog\node_modules\next\dist\esm\server\route-modules\app-page\vendored\ssr\react.js'
npm warn tar TAR_ENTRY_ERROR ENOENT: no such file or directory, open 'D:\self-blog\node_modules\next\dist\server\route-modules\app-page\vendored\rsc\react.js'
npm warn tar TAR_ENTRY_ERROR ENOENT: no such file or directory, open 'D:\self-blog\node_modules\next\dist\server\route-modules\app-page\vendored\ssr\react.js'
npm warn tar TAR_ENTRY_ERROR ENOENT: no such file or directory, open 'D:\self-blog\node_modules\next\dist\compiled\react-experimental\cjs\react.production.js'
npm warn tar TAR_ENTRY_ERROR ENOENT: no such file or directory, open 'D:\self-blog\node_modules\next\dist\compiled\react\cjs\react.production.js'
npm warn tar TAR_ENTRY_ERROR ENOENT: no such file or directory, open 'D:\self-blog\node_modules\next\dist\compiled\react-experimental\cjs\react.react-server.development.js'
npm warn tar TAR_ENTRY_ERROR ENOENT: no such file or directory, open 'D:\self-blog\node_modules\next\dist\compiled\react\cjs\react.react-server.development.js'
npm warn tar TAR_ENTRY_ERROR ENOENT: no such file or directory, open 'D:\self-blog\node_modules\next\dist\compiled\react-experimental\react.react-server.js'
npm warn tar TAR_ENTRY_ERROR ENOENT: no such file or directory, open 'D:\self-blog\node_modules\next\dist\compiled\react\react.react-server.js'
npm warn tar TAR_ENTRY_ERROR ENOENT: no such file or directory, open 'D:\self-blog\node_modules\next\dist\compiled\react-experimental\cjs\react.react-server.production.js'
npm warn tar TAR_ENTRY_ERROR ENOENT: no such file or directory, open 'D:\self-blog\node_modules\next\dist\compiled\react\cjs\react.react-server.production.js'
npm warn tar TAR_ENTRY_ERROR ENOENT: no such file or directory, open 'D:\self-blog\node_modules\next\dist\esm\server\ReactDOMServerPages.js'
npm warn tar TAR_ENTRY_ERROR ENOENT: no such file or directory, open 'D:\self-blog\node_modules\next\dist\server\ReactDOMServerPages.js'
npm warn tar TAR_ENTRY_ERROR ENOENT: no such file or directory, open 'D:\self-blog\node_modules\next\dist\compiled\@next\react-refresh-utils\dist\internal\ReactRefreshModule.runtime.js'
npm warn tar TAR_ENTRY_ERROR ENOENT: no such file or directory, open 'D:\self-blog\node_modules\next\dist\compiled\@next\react-refresh-utils\dist\ReactRefreshWebpackPlugin.js'
npm warn tar TAR_ENTRY_ERROR ENOENT: no such file or directory, open 'D:\self-blog\node_modules\next\dist\compiled\@babel\runtime\helpers\esm\readOnlyError.js'
npm warn tar TAR_ENTRY_ERROR ENOENT: no such file or directory, open 'D:\self-blog\node_modules\next\dist\compiled\@babel\runtime\helpers\readOnlyError.js'
npm warn tar TAR_ENTRY_ERROR ENOENT: no such file or directory, open 'D:\self-blog\node_modules\next\dist\esm\lib\realpath.js'
npm warn tar TAR_ENTRY_ERROR ENOENT: no such file or directory, open 'D:\self-blog\node_modules\next\dist\lib\realpath.js'
npm warn tar TAR_ENTRY_ERROR ENOENT: no such file or directory, lstat 'D:\self-blog\node_modules\next\dist'
npm warn tar TAR_ENTRY_ERROR ENOENT: no such file or directory, lstat 'D:\self-blog\node_modules\next\dist'
npm warn tar TAR_ENTRY_ERROR ENOENT: no such file or directory, open 'D:\self-blog\node_modules\next\dist\esm\lib\recursive-copy.js'
npm warn tar TAR_ENTRY_ERROR ENOENT: no such file or directory, open 'D:\self-blog\node_modules\next\dist\lib\recursive-copy.js'
npm warn tar TAR_ENTRY_ERROR ENOENT: no such file or directory, open 'D:\self-blog\node_modules\next\dist\esm\lib\recursive-delete.js'
npm warn tar TAR_ENTRY_ERROR ENOENT: no such file or directory, open 'D:\self-blog\node_modules\next\dist\lib\recursive-delete.js'
npm warn tar TAR_ENTRY_ERROR ENOENT: no such file or directory, open 'D:\self-blog\node_modules\next\dist\esm\lib\recursive-readdir.js'
npm warn tar TAR_ENTRY_ERROR ENOENT: no such file or directory, open 'D:\self-blog\node_modules\next\dist\lib\recursive-readdir.js'
npm warn tar TAR_ENTRY_ERROR ENOENT: no such file or directory, open 'D:\self-blog\node_modules\next\dist\client\components\redirect-boundary.js'
npm warn tar TAR_ENTRY_ERROR ENOENT: no such file or directory, open 'D:\self-blog\node_modules\next\dist\esm\client\components\redirect-boundary.js'
npm warn tar TAR_ENTRY_ERROR ENOENT: no such file or directory, open 'D:\self-blog\node_modules\next\dist\client\components\redirect-error.js'
npm warn tar TAR_ENTRY_ERROR ENOENT: no such file or directory, open 'D:\self-blog\node_modules\next\dist\esm\client\components\redirect-error.js'
npm warn tar TAR_ENTRY_ERROR ENOENT: no such file or directory, open 'D:\self-blog\node_modules\next\dist\client\components\redirect-status-code.js'
npm warn tar TAR_ENTRY_ERROR ENOENT: no such file or directory, open 'D:\self-blog\node_modules\next\dist\esm\client\components\redirect-status-code.js'
npm warn tar TAR_ENTRY_ERROR ENOENT: no such file or directory, open 'D:\self-blog\node_modules\next\dist\esm\lib\redirect-status.js'
npm warn tar TAR_ENTRY_ERROR ENOENT: no such file or directory, open 'D:\self-blog\node_modules\next\dist\lib\redirect-status.js'
npm warn tar TAR_ENTRY_ERROR ENOENT: no such file or directory, open 'D:\self-blog\node_modules\next\dist\client\components\redirect.js'
npm warn tar TAR_ENTRY_ERROR ENOENT: no such file or directory, open 'D:\self-blog\node_modules\next\dist\esm\client\components\redirect.js'
npm warn tar TAR_ENTRY_ERROR ENOENT: no such file or directory, open 'D:\self-blog\node_modules\next\dist\client\components\router-reducer\refetch-inactive-parallel-segments.js'
npm warn tar TAR_ENTRY_ERROR ENOENT: no such file or directory, open 'D:\self-blog\node_modules\next\dist\esm\client\components\router-reducer\refetch-inactive-parallel-segments.js'
npm warn tar TAR_ENTRY_ERROR ENOENT: no such file or directory, open 'D:\self-blog\node_modules\next\dist\esm\shared\lib\utils\reflect-utils.js'
npm warn tar TAR_ENTRY_ERROR ENOENT: no such file or directory, open 'D:\self-blog\node_modules\next\dist\shared\lib\utils\reflect-utils.js'
npm warn tar TAR_ENTRY_ERROR ENOENT: no such file or directory, open 'D:\self-blog\node_modules\next\dist\esm\server\web\spec-extension\adapters\reflect.js'
npm warn tar TAR_ENTRY_ERROR ENOENT: no such file or directory, open 'D:\self-blog\node_modules\next\dist\server\web\spec-extension\adapters\reflect.js'
npm warn tar TAR_ENTRY_ERROR ENOENT: no such file or directory, open 'D:\self-blog\node_modules\next\dist\client\components\router-reducer\reducers\refresh-reducer.js'
npm warn tar TAR_ENTRY_ERROR ENOENT: no such file or directory, open 'D:\self-blog\node_modules\next\dist\esm\client\components\router-reducer\reducers\refresh-reducer.js'
npm warn tar TAR_ENTRY_ERROR ENOENT: no such file or directory, open 'D:\self-blog\node_modules\next\dist\compiled\@babel\runtime\helpers\esm\regeneratorRuntime.js'
npm warn tar TAR_ENTRY_ERROR ENOENT: no such file or directory, open 'D:\self-blog\node_modules\next\dist\compiled\@babel\runtime\helpers\regeneratorRuntime.js'
npm warn tar TAR_ENTRY_ERROR ENOENT: no such file or directory, open 'D:\self-blog\node_modules\next\dist\esm\shared\lib\router\utils\relativize-url.js'
npm warn tar TAR_ENTRY_ERROR ENOENT: no such file or directory, open 'D:\self-blog\node_modules\next\dist\shared\lib\router\utils\relativize-url.js'
npm warn tar TAR_ENTRY_ERROR ENOENT: no such file or directory, open 'D:\self-blog\node_modules\next\dist\client\remove-base-path.js'
npm warn tar TAR_ENTRY_ERROR ENOENT: no such file or directory, open 'D:\self-blog\node_modules\next\dist\esm\client\remove-base-path.js'
npm warn tar TAR_ENTRY_ERROR ENOENT: no such file or directory, open 'D:\self-blog\node_modules\next\dist\client\remove-locale.js'
npm warn tar TAR_ENTRY_ERROR ENOENT: no such file or directory, open 'D:\self-blog\node_modules\next\dist\esm\client\remove-locale.js'
npm warn tar TAR_ENTRY_ERROR ENOENT: no such file or directory, open 'D:\self-blog\node_modules\next\dist\esm\shared\lib\page-path\remove-page-path-tail.js'
npm warn tar TAR_ENTRY_ERROR ENOENT: no such file or directory, open 'D:\self-blog\node_modules\next\dist\shared\lib\page-path\remove-page-path-tail.js'
npm warn tar TAR_ENTRY_ERROR ENOENT: no such file or directory, open 'D:\self-blog\node_modules\next\dist\esm\shared\lib\router\utils\remove-path-prefix.js'
npm warn tar TAR_ENTRY_ERROR ENOENT: no such file or directory, open 'D:\self-blog\node_modules\next\dist\shared\lib\router\utils\remove-path-prefix.js'
npm warn tar TAR_ENTRY_ERROR ENOENT: no such file or directory, open 'D:\self-blog\node_modules\next\dist\esm\shared\lib\router\utils\remove-trailing-slash.js'
npm warn tar TAR_ENTRY_ERROR ENOENT: no such file or directory, open 'D:\self-blog\node_modules\next\dist\shared\lib\router\utils\remove-trailing-slash.js'
npm warn tar TAR_ENTRY_ERROR ENOENT: no such file or directory, lstat 'D:\self-blog\node_modules\next\dist'
npm warn tar TAR_ENTRY_ERROR ENOENT: no such file or directory, lstat 'D:\self-blog\node_modules\next\dist'
npm warn tar TAR_ENTRY_ERROR ENOENT: no such file or directory, open 'D:\self-blog\node_modules\next\dist\esm\server\app-render\render-css-resource.js'
npm warn tar TAR_ENTRY_ERROR ENOENT: no such file or directory, open 'D:\self-blog\node_modules\next\dist\server\app-render\render-css-resource.js'
npm warn tar TAR_ENTRY_ERROR ENOENT: no such file or directory, open 'D:\self-blog\node_modules\next\dist\client\components\render-from-template-context.js'
npm warn tar TAR_ENTRY_ERROR ENOENT: no such file or directory, open 'D:\self-blog\node_modules\next\dist\esm\client\components\render-from-template-context.js'
npm warn tar TAR_ENTRY_ERROR ENOENT: no such file or directory, open 'D:\self-blog\node_modules\next\dist\esm\server\render-result.js'
npm warn tar TAR_ENTRY_ERROR ENOENT: no such file or directory, open 'D:\self-blog\node_modules\next\dist\server\render-result.js'
npm warn tar TAR_ENTRY_ERROR ENOENT: no such file or directory, open 'D:\self-blog\node_modules\next\dist\esm\server\lib\render-server.js'
npm warn tar TAR_ENTRY_ERROR ENOENT: no such file or directory, open 'D:\self-blog\node_modules\next\dist\server\lib\render-server.js'
npm warn tar TAR_ENTRY_ERROR ENOENT: no such file or directory, open 'D:\self-blog\node_modules\next\dist\esm\server\render.js'
npm warn tar TAR_ENTRY_ERROR ENOENT: no such file or directory, open 'D:\self-blog\node_modules\next\dist\server\render.js'
npm warn tar TAR_ENTRY_ERROR ENOENT: no such file or directory, open 'D:\self-blog\node_modules\next\dist\build\rendering-mode.js'
npm warn tar TAR_ENTRY_ERROR ENOENT: no such file or directory, open 'D:\self-blog\node_modules\next\dist\esm\build\rendering-mode.js'
npm warn tar TAR_ENTRY_ERROR ENOENT: no such file or directory, open 'D:\self-blog\node_modules\next\dist\esm\next-devtools\userspace\app\errors\replay-ssr-only-errors.js'
npm warn tar TAR_ENTRY_ERROR ENOENT: no such file or directory, open 'D:\self-blog\node_modules\next\dist\next-devtools\userspace\app\errors\replay-ssr-only-errors.js'
npm warn tar TAR_ENTRY_ERROR ENOENT: no such file or directory, open 'D:\self-blog\node_modules\next\dist\client\react-client-callbacks\report-global-error.js'
npm warn tar TAR_ENTRY_ERROR ENOENT: no such file or directory, open 'D:\self-blog\node_modules\next\dist\esm\client\react-client-callbacks\report-global-error.js'
npm warn tar TAR_ENTRY_ERROR ENOENT: no such file or directory, open 'D:\self-blog\node_modules\next\dist\client\dev\report-hmr-latency.js'
npm warn tar TAR_ENTRY_ERROR ENOENT: no such file or directory, open 'D:\self-blog\node_modules\next\dist\esm\client\dev\report-hmr-latency.js'
npm warn tar TAR_ENTRY_ERROR ENOENT: no such file or directory, lstat 'D:\self-blog\node_modules\next\dist'
npm warn tar TAR_ENTRY_ERROR ENOENT: no such file or directory, lstat 'D:\self-blog\node_modules\next\dist'
npm warn tar TAR_ENTRY_ERROR ENOENT: no such file or directory, open 'D:\self-blog\node_modules\next\dist\experimental\testmode\playwright\report.js'
npm warn tar TAR_ENTRY_ERROR ENOENT: no such file or directory, open 'D:\self-blog\node_modules\next\dist\esm\server\web\spec-extension\adapters\request-cookies.js'
npm warn tar TAR_ENTRY_ERROR ENOENT: no such file or directory, open 'D:\self-blog\node_modules\next\dist\server\web\spec-extension\adapters\request-cookies.js'
npm warn tar TAR_ENTRY_ERROR ENOENT: no such file or directory, open 'D:\self-blog\node_modules\next\dist\client\request-idle-callback.js'
npm warn tar TAR_ENTRY_ERROR ENOENT: no such file or directory, open 'D:\self-blog\node_modules\next\dist\esm\client\request-idle-callback.js'
npm warn tar TAR_ENTRY_ERROR ENOENT: no such file or directory, open 'D:\self-blog\node_modules\next\dist\esm\server\request-meta.js'
npm warn tar TAR_ENTRY_ERROR ENOENT: no such file or directory, open 'D:\self-blog\node_modules\next\dist\server\request-meta.js'
npm warn tar TAR_ENTRY_ERROR ENOENT: no such file or directory, open 'D:\self-blog\node_modules\next\dist\esm\server\async-storage\request-store.js'
npm warn tar TAR_ENTRY_ERROR ENOENT: no such file or directory, open 'D:\self-blog\node_modules\next\dist\server\async-storage\request-store.js'
npm warn tar TAR_ENTRY_ERROR ENOENT: no such file or directory, open 'D:\self-blog\node_modules\next\dist\esm\server\web\spec-extension\request.js'
npm warn tar TAR_ENTRY_ERROR ENOENT: no such file or directory, open 'D:\self-blog\node_modules\next\dist\server\web\spec-extension\request.js'
npm warn tar TAR_ENTRY_ERROR ENOENT: no such file or directory, open 'D:\self-blog\node_modules\next\dist\esm\server\dev\require-cache.js'
npm warn tar TAR_ENTRY_ERROR ENOENT: no such file or directory, open 'D:\self-blog\node_modules\next\dist\server\dev\require-cache.js'
npm warn tar TAR_ENTRY_ERROR ENOENT: no such file or directory, lstat 'D:\self-blog\node_modules\next\dist'
npm warn tar TAR_ENTRY_ERROR ENOENT: no such file or directory, lstat 'D:\self-blog\node_modules\next\dist'
npm warn tar TAR_ENTRY_ERROR ENOENT: no such file or directory, open 'D:\self-blog\node_modules\next\dist\esm\server\require-hook.js'
npm warn tar TAR_ENTRY_ERROR ENOENT: no such file or directory, open 'D:\self-blog\node_modules\next\dist\server\require-hook.js'
npm warn tar TAR_ENTRY_ERROR ENOENT: no such file or directory, open 'D:\self-blog\node_modules\next\dist\esm\lib\require-instrumentation-client.js'
npm warn tar TAR_ENTRY_ERROR ENOENT: no such file or directory, open 'D:\self-blog\node_modules\next\dist\lib\require-instrumentation-client.js'
npm warn tar TAR_ENTRY_ERROR ENOENT: no such file or directory, open 'D:\self-blog\node_modules\next\dist\esm\server\require.js'
npm warn tar TAR_ENTRY_ERROR ENOENT: no such file or directory, open 'D:\self-blog\node_modules\next\dist\server\require.js'
npm warn tar TAR_ENTRY_ERROR ENOENT: no such file or directory, open 'D:\self-blog\node_modules\next\dist\esm\server\app-render\required-scripts.js'
npm warn tar TAR_ENTRY_ERROR ENOENT: no such file or directory, open 'D:\self-blog\node_modules\next\dist\server\app-render\required-scripts.js'
npm warn tar TAR_ENTRY_ERROR ENOENT: no such file or directory, lstat 'D:\self-blog\node_modules\next\dist'
npm warn tar TAR_ENTRY_ERROR ENOENT: no such file or directory, lstat 'D:\self-blog\node_modules\next\dist'
npm warn tar TAR_ENTRY_ERROR ENOENT: no such file or directory, open 'D:\self-blog\node_modules\next\dist\esm\lib\resolve-from.js'
npm warn tar TAR_ENTRY_ERROR ENOENT: no such file or directory, open 'D:\self-blog\node_modules\next\dist\lib\resolve-from.js'
npm warn tar TAR_ENTRY_ERROR ENOENT: no such file or directory, open 'D:\self-blog\node_modules\next\dist\client\resolve-href.js'
npm warn tar TAR_ENTRY_ERROR ENOENT: no such file or directory, open 'D:\self-blog\node_modules\next\dist\esm\client\resolve-href.js'
npm warn tar TAR_ENTRY_ERROR ENOENT: no such file or directory, lstat 'D:\self-blog\node_modules\next\dist'
npm warn tar TAR_ENTRY_ERROR ENOENT: no such file or directory, lstat 'D:\self-blog\node_modules\next\dist'
npm warn tar TAR_ENTRY_ERROR ENOENT: no such file or directory, open 'D:\self-blog\node_modules\next\dist\esm\lib\metadata\resolve-metadata.js'
npm warn tar TAR_ENTRY_ERROR ENOENT: no such file or directory, open 'D:\self-blog\node_modules\next\dist\lib\metadata\resolve-metadata.js'
npm warn tar TAR_ENTRY_ERROR ENOENT: no such file or directory, lstat 'D:\self-blog\node_modules\next\dist'
npm warn tar TAR_ENTRY_ERROR ENOENT: no such file or directory, lstat 'D:\self-blog\node_modules\next\dist'
npm warn tar TAR_ENTRY_ERROR ENOENT: no such file or directory, open 'D:\self-blog\node_modules\next\dist\esm\shared\lib\router\utils\resolve-rewrites.js'
npm warn tar TAR_ENTRY_ERROR ENOENT: no such file or directory, open 'D:\self-blog\node_modules\next\dist\shared\lib\router\utils\resolve-rewrites.js'
npm warn tar TAR_ENTRY_ERROR ENOENT: no such file or directory, open 'D:\self-blog\node_modules\next\dist\build\webpack\loaders\metadata\resolve-route-data.js'
npm warn tar TAR_ENTRY_ERROR ENOENT: no such file or directory, open 'D:\self-blog\node_modules\next\dist\esm\build\webpack\loaders\metadata\resolve-route-data.js'
npm warn tar TAR_ENTRY_ERROR ENOENT: no such file or directory, open 'D:\self-blog\node_modules\next\dist\esm\server\lib\router-utils\resolve-routes.js'
npm warn tar TAR_ENTRY_ERROR ENOENT: no such file or directory, open 'D:\self-blog\node_modules\next\dist\server\lib\router-utils\resolve-routes.js'
npm warn tar TAR_ENTRY_ERROR ENOENT: no such file or directory, lstat 'D:\self-blog\node_modules\next\dist'
npm warn tar TAR_ENTRY_ERROR ENOENT: no such file or directory, lstat 'D:\self-blog\node_modules\next\dist'
npm warn tar TAR_ENTRY_ERROR ENOENT: no such file or directory, lstat 'D:\self-blog\node_modules\next\dist'
npm warn tar TAR_ENTRY_ERROR ENOENT: no such file or directory, lstat 'D:\self-blog\node_modules\next\dist'
npm warn tar TAR_ENTRY_ERROR ENOENT: no such file or directory, lstat 'D:\self-blog\node_modules\next\dist'
npm warn tar TAR_ENTRY_ERROR ENOENT: no such file or directory, lstat 'D:\self-blog\node_modules\next\dist'
npm warn tar TAR_ENTRY_ERROR ENOENT: no such file or directory, open 'D:\self-blog\node_modules\next\dist\esm\lib\metadata\types\resolvers.js'
npm warn tar TAR_ENTRY_ERROR ENOENT: no such file or directory, open 'D:\self-blog\node_modules\next\dist\lib\metadata\types\resolvers.js'
npm warn tar TAR_ENTRY_ERROR ENOENT: no such file or directory, open 'D:\self-blog\node_modules\next\dist\esm\server\web\sandbox\resource-managers.js'
npm warn tar TAR_ENTRY_ERROR ENOENT: no such file or directory, open 'D:\self-blog\node_modules\next\dist\server\web\sandbox\resource-managers.js'
npm warn tar TAR_ENTRY_ERROR ENOENT: no such file or directory, open 'D:\self-blog\node_modules\next\dist\esm\server\web\spec-extension\response.js'
npm warn tar TAR_ENTRY_ERROR ENOENT: no such file or directory, open 'D:\self-blog\node_modules\next\dist\server\web\spec-extension\response.js'
npm warn tar TAR_ENTRY_ERROR ENOENT: no such file or directory, open 'D:\self-blog\node_modules\next\dist\esm\next-devtools\server\restart-dev-server-middleware.js'
npm warn tar TAR_ENTRY_ERROR ENOENT: no such file or directory, open 'D:\self-blog\node_modules\next\dist\next-devtools\server\restart-dev-server-middleware.js'
npm warn tar TAR_ENTRY_ERROR ENOENT: no such file or directory, open 'D:\self-blog\node_modules\next\dist\client\components\router-reducer\reducers\restore-reducer.js'
npm warn tar TAR_ENTRY_ERROR ENOENT: no such file or directory, open 'D:\self-blog\node_modules\next\dist\esm\client\components\router-reducer\reducers\restore-reducer.js'
npm warn tar TAR_ENTRY_ERROR ENOENT: no such file or directory, open 'D:\self-blog\node_modules\next\dist\build\turborepo-access-trace\result.js'
npm warn tar TAR_ENTRY_ERROR ENOENT: no such file or directory, open 'D:\self-blog\node_modules\next\dist\esm\build\turborepo-access-trace\result.js'
npm warn tar TAR_ENTRY_ERROR ENOENT: no such file or directory, open 'D:\self-blog\node_modules\next\dist\esm\server\resume-data-cache\resume-data-cache.js'
npm warn tar TAR_ENTRY_ERROR ENOENT: no such file or directory, open 'D:\self-blog\node_modules\next\dist\server\resume-data-cache\resume-data-cache.js'
npm warn tar TAR_ENTRY_ERROR ENOENT: no such file or directory, open 'D:\self-blog\node_modules\next\dist\compiled\@next\font\dist\google\retry.js'
npm warn tar TAR_ENTRY_ERROR ENOENT: no such file or directory, open 'D:\self-blog\node_modules\next\dist\esm\server\web\spec-extension\revalidate.js'
npm warn tar TAR_ENTRY_ERROR ENOENT: no such file or directory, open 'D:\self-blog\node_modules\next\dist\server\web\spec-extension\revalidate.js'
npm warn tar TAR_ENTRY_ERROR ENOENT: no such file or directory, open 'D:\self-blog\node_modules\next\dist\esm\server\revalidation-utils.js'
npm warn tar TAR_ENTRY_ERROR ENOENT: no such file or directory, open 'D:\self-blog\node_modules\next\dist\server\revalidation-utils.js'
npm warn tar TAR_ENTRY_ERROR ENOENT: no such file or directory, open 'D:\self-blog\node_modules\next\dist\client\components\errors\root-error-boundary.js'
npm warn tar TAR_ENTRY_ERROR ENOENT: no such file or directory, open 'D:\self-blog\node_modules\next\dist\esm\client\components\errors\root-error-boundary.js'
npm warn tar TAR_ENTRY_ERROR ENOENT: no such file or directory, open 'D:\self-blog\node_modules\next\dist\esm\server\request\root-params.js'
npm warn tar TAR_ENTRY_ERROR ENOENT: no such file or directory, open 'D:\self-blog\node_modules\next\dist\server\request\root-params.js'
npm warn tar TAR_ENTRY_ERROR ENOENT: no such file or directory, open 'D:\self-blog\node_modules\next\root-params.js'
npm warn tar TAR_ENTRY_ERROR ENOENT: no such file or directory, open 'D:\self-blog\node_modules\next\dist\client\route-announcer.js'
npm warn tar TAR_ENTRY_ERROR ENOENT: no such file or directory, open 'D:\self-blog\node_modules\next\dist\esm\client\route-announcer.js'
npm warn tar TAR_ENTRY_ERROR ENOENT: no such file or directory, open 'D:\self-blog\node_modules\next\dist\esm\server\route-definitions\route-definition.js'
npm warn tar TAR_ENTRY_ERROR ENOENT: no such file or directory, open 'D:\self-blog\node_modules\next\dist\server\route-definitions\route-definition.js'
npm warn tar TAR_ENTRY_ERROR ENOENT: no such file or directory, open 'D:\self-blog\node_modules\next\dist\esm\server\route-kind.js'
npm warn tar TAR_ENTRY_ERROR ENOENT: no such file or directory, open 'D:\self-blog\node_modules\next\dist\server\route-kind.js'
npm warn tar TAR_ENTRY_ERROR ENOENT: no such file or directory, open 'D:\self-blog\node_modules\next\dist\client\route-loader.js'
npm warn tar TAR_ENTRY_ERROR ENOENT: no such file or directory, open 'D:\self-blog\node_modules\next\dist\esm\client\route-loader.js'
npm warn tar TAR_ENTRY_ERROR ENOENT: no such file or directory, open 'D:\self-blog\node_modules\next\dist\esm\shared\lib\router\utils\route-match-utils.js'
npm warn tar TAR_ENTRY_ERROR ENOENT: no such file or directory, open 'D:\self-blog\node_modules\next\dist\shared\lib\router\utils\route-match-utils.js'
npm warn tar TAR_ENTRY_ERROR ENOENT: no such file or directory, open 'D:\self-blog\node_modules\next\dist\esm\server\route-matches\route-match.js'
npm warn tar TAR_ENTRY_ERROR ENOENT: no such file or directory, open 'D:\self-blog\node_modules\next\dist\server\route-matches\route-match.js'
npm warn tar TAR_ENTRY_ERROR ENOENT: no such file or directory, open 'D:\self-blog\node_modules\next\dist\esm\server\route-matcher-managers\route-matcher-manager.js'
npm warn tar TAR_ENTRY_ERROR ENOENT: no such file or directory, open 'D:\self-blog\node_modules\next\dist\server\route-matcher-managers\route-matcher-manager.js'
npm warn tar TAR_ENTRY_ERROR ENOENT: no such file or directory, open 'D:\self-blog\node_modules\next\dist\esm\server\route-matcher-providers\route-matcher-provider.js'
npm warn tar TAR_ENTRY_ERROR ENOENT: no such file or directory, open 'D:\self-blog\node_modules\next\dist\server\route-matcher-providers\route-matcher-provider.js'
npm warn tar TAR_ENTRY_ERROR ENOENT: no such file or directory, open 'D:\self-blog\node_modules\next\dist\esm\server\route-matchers\route-matcher.js'
npm warn tar TAR_ENTRY_ERROR ENOENT: no such file or directory, open 'D:\self-blog\node_modules\next\dist\esm\shared\lib\router\utils\route-matcher.js'
npm warn tar TAR_ENTRY_ERROR ENOENT: no such file or directory, open 'D:\self-blog\node_modules\next\dist\server\route-matchers\route-matcher.js'
npm warn tar TAR_ENTRY_ERROR ENOENT: no such file or directory, open 'D:\self-blog\node_modules\next\dist\shared\lib\router\utils\route-matcher.js'
npm warn tar TAR_ENTRY_ERROR ENOENT: no such file or directory, open 'D:\self-blog\node_modules\next\dist\esm\server\lib\module-loader\route-module-loader.js'
npm warn tar TAR_ENTRY_ERROR ENOENT: no such file or directory, open 'D:\self-blog\node_modules\next\dist\server\lib\module-loader\route-module-loader.js'
npm warn tar TAR_ENTRY_ERROR ENOENT: no such file or directory, open 'D:\self-blog\node_modules\next\dist\esm\server\route-modules\route-module.js'
npm warn tar TAR_ENTRY_ERROR ENOENT: no such file or directory, open 'D:\self-blog\node_modules\next\dist\server\route-modules\route-module.js'
npm warn tar TAR_ENTRY_ERROR ENOENT: no such file or directory, open 'D:\self-blog\node_modules\next\dist\client\route-params.js'
npm warn tar TAR_ENTRY_ERROR ENOENT: no such file or directory, open 'D:\self-blog\node_modules\next\dist\esm\client\route-params.js'
npm warn tar TAR_ENTRY_ERROR ENOENT: no such file or directory, open 'D:\self-blog\node_modules\next\dist\esm\lib\route-pattern-normalizer.js'
npm warn tar TAR_ENTRY_ERROR ENOENT: no such file or directory, open 'D:\self-blog\node_modules\next\dist\lib\route-pattern-normalizer.js'
npm warn tar TAR_ENTRY_ERROR ENOENT: no such file or directory, open 'D:\self-blog\node_modules\next\dist\esm\shared\lib\router\utils\route-regex.js'
npm warn tar TAR_ENTRY_ERROR ENOENT: no such file or directory, open 'D:\self-blog\node_modules\next\dist\shared\lib\router\utils\route-regex.js'
npm warn tar TAR_ENTRY_ERROR ENOENT: no such file or directory, open 'D:\self-blog\node_modules\next\dist\esm\server\lib\router-utils\route-types-utils.js'
npm warn tar TAR_ENTRY_ERROR ENOENT: no such file or directory, open 'D:\self-blog\node_modules\next\dist\server\lib\router-utils\route-types-utils.js'
npm warn tar TAR_ENTRY_ERROR ENOENT: no such file or directory, open 'D:\self-blog\node_modules\next\dist\esm\server\route-modules\app-page\vendored\contexts\router-context.js'
npm warn tar TAR_ENTRY_ERROR ENOENT: no such file or directory, open 'D:\self-blog\node_modules\next\dist\esm\server\route-modules\pages\vendored\contexts\router-context.js'
npm warn tar TAR_ENTRY_ERROR ENOENT: no such file or directory, open 'D:\self-blog\node_modules\next\dist\server\route-modules\app-page\vendored\contexts\router-context.js'
npm warn tar TAR_ENTRY_ERROR ENOENT: no such file or directory, open 'D:\self-blog\node_modules\next\dist\server\route-modules\pages\vendored\contexts\router-context.js'
npm warn tar TAR_ENTRY_ERROR ENOENT: no such file or directory, open 'D:\self-blog\node_modules\next\dist\esm\shared\lib\router-context.shared-runtime.js'
npm warn tar TAR_ENTRY_ERROR ENOENT: no such file or directory, open 'D:\self-blog\node_modules\next\dist\shared\lib\router-context.shared-runtime.js'
npm warn tar TAR_ENTRY_ERROR ENOENT: no such file or directory, open 'D:\self-blog\node_modules\next\dist\client\components\router-reducer\router-reducer-types.js'
npm warn tar TAR_ENTRY_ERROR ENOENT: no such file or directory, open 'D:\self-blog\node_modules\next\dist\esm\client\components\router-reducer\router-reducer-types.js'
npm warn tar TAR_ENTRY_ERROR ENOENT: no such file or directory, open 'D:\self-blog\node_modules\next\dist\client\components\router-reducer\router-reducer.js'
npm warn tar TAR_ENTRY_ERROR ENOENT: no such file or directory, open 'D:\self-blog\node_modules\next\dist\esm\client\components\router-reducer\router-reducer.js'
npm warn tar TAR_ENTRY_ERROR ENOENT: no such file or directory, open 'D:\self-blog\node_modules\next\dist\esm\server\lib\router-utils\router-server-context.js'
npm warn tar TAR_ENTRY_ERROR ENOENT: no such file or directory, open 'D:\self-blog\node_modules\next\dist\server\lib\router-utils\router-server-context.js'
npm warn tar TAR_ENTRY_ERROR ENOENT: no such file or directory, open 'D:\self-blog\node_modules\next\dist\esm\server\lib\router-server.js'
npm warn tar TAR_ENTRY_ERROR ENOENT: no such file or directory, open 'D:\self-blog\node_modules\next\dist\server\lib\router-server.js'
npm warn tar TAR_ENTRY_ERROR ENOENT: no such file or directory, lstat 'D:\self-blog\node_modules\next\compat'
npm warn tar TAR_ENTRY_ERROR ENOENT: no such file or directory, open 'D:\self-blog\node_modules\next\dist\api\router.js'
npm warn tar TAR_ENTRY_ERROR ENOENT: no such file or directory, lstat 'D:\self-blog\node_modules\next\dist'
npm warn tar TAR_ENTRY_ERROR ENOENT: no such file or directory, open 'D:\self-blog\node_modules\next\dist\client\router.js'
npm warn tar TAR_ENTRY_ERROR ENOENT: no such file or directory, open 'D:\self-blog\node_modules\next\dist\esm\api\router.js'
npm warn tar TAR_ENTRY_ERROR ENOENT: no such file or directory, lstat 'D:\self-blog\node_modules\next\dist'
npm warn tar TAR_ENTRY_ERROR ENOENT: no such file or directory, open 'D:\self-blog\node_modules\next\dist\esm\client\router.js'
npm warn tar TAR_ENTRY_ERROR ENOENT: no such file or directory, open 'D:\self-blog\node_modules\next\dist\esm\shared\lib\router\router.js'
npm warn tar TAR_ENTRY_ERROR ENOENT: no such file or directory, open 'D:\self-blog\node_modules\next\dist\shared\lib\router\router.js'
npm warn tar TAR_ENTRY_ERROR ENOENT: no such file or directory, open 'D:\self-blog\node_modules\next\router.js'
npm warn tar TAR_ENTRY_ERROR ENOENT: no such file or directory, open 'D:\self-blog\node_modules\next\dist\esm\server\normalizers\request\rsc.js'
npm warn tar TAR_ENTRY_ERROR ENOENT: no such file or directory, open 'D:\self-blog\node_modules\next\dist\server\normalizers\request\rsc.js'
npm warn tar TAR_ENTRY_ERROR ENOENT: no such file or directory, open 'D:\self-blog\node_modules\next\dist\build\webpack\plugins\rspack-flight-client-entry-plugin.js'
npm warn tar TAR_ENTRY_ERROR ENOENT: no such file or directory, open 'D:\self-blog\node_modules\next\dist\esm\build\webpack\plugins\rspack-flight-client-entry-plugin.js'
npm warn tar TAR_ENTRY_ERROR ENOENT: no such file or directory, open 'D:\self-blog\node_modules\next\dist\build\webpack\plugins\rspack-profiling-plugin.js'
npm warn tar TAR_ENTRY_ERROR ENOENT: no such file or directory, open 'D:\self-blog\node_modules\next\dist\esm\build\webpack\plugins\rspack-profiling-plugin.js'
npm warn tar TAR_ENTRY_ERROR ENOENT: no such file or directory, open 'D:\self-blog\node_modules\next\dist\esm\server\after\run-with-after.js'
npm warn tar TAR_ENTRY_ERROR ENOENT: no such file or directory, open 'D:\self-blog\node_modules\next\dist\server\after\run-with-after.js'
npm warn tar TAR_ENTRY_ERROR ENOENT: no such file or directory, open 'D:\self-blog\node_modules\next\dist\esm\lib\eslint\runLintCheck.js'
npm warn tar TAR_ENTRY_ERROR ENOENT: no such file or directory, open 'D:\self-blog\node_modules\next\dist\lib\eslint\runLintCheck.js'
npm warn tar TAR_ENTRY_ERROR ENOENT: no such file or directory, open 'D:\self-blog\node_modules\next\dist\esm\shared\lib\runtime-config.external.js'
npm warn tar TAR_ENTRY_ERROR ENOENT: no such file or directory, open 'D:\self-blog\node_modules\next\dist\shared\lib\runtime-config.external.js'
npm warn tar TAR_ENTRY_ERROR ENOENT: no such file or directory, open 'D:\self-blog\node_modules\next\dist\client\dev\runtime-error-handler.js'
npm warn tar TAR_ENTRY_ERROR ENOENT: no such file or directory, open 'D:\self-blog\node_modules\next\dist\esm\client\dev\runtime-error-handler.js'
npm warn tar TAR_ENTRY_ERROR ENOENT: no such file or directory, open 'D:\self-blog\node_modules\next\dist\compiled\@next\react-refresh-utils\dist\runtime.js'
npm warn tar TAR_ENTRY_ERROR ENOENT: no such file or directory, open 'D:\self-blog\node_modules\next\dist\compiled\react-refresh\runtime.js'
npm warn tar TAR_ENTRY_ERROR ENOENT: no such file or directory, open 'D:\self-blog\node_modules\next\dist\compiled\regenerator-runtime\runtime.js'
npm warn tar TAR_ENTRY_ERROR ENOENT: no such file or directory, open 'D:\self-blog\node_modules\next\dist\esm\lib\typescript\runTypeCheck.js'
npm warn tar TAR_ENTRY_ERROR ENOENT: no such file or directory, open 'D:\self-blog\node_modules\next\dist\lib\typescript\runTypeCheck.js'
npm warn tar TAR_ENTRY_ERROR ENOENT: no such file or directory, open 'D:\self-blog\node_modules\next\dist\compiled\postcss-safe-parser\safe-parse.js'
npm warn tar TAR_ENTRY_ERROR ENOENT: no such file or directory, open 'D:\self-blog\node_modules\next\dist\esm\server\web\sandbox\sandbox.js'
npm warn tar TAR_ENTRY_ERROR ENOENT: no such file or directory, open 'D:\self-blog\node_modules\next\dist\server\web\sandbox\sandbox.js'
npm warn tar TAR_ENTRY_ERROR ENOENT: no such file or directory, lstat 'D:\self-blog\node_modules\next\dist'
npm warn tar TAR_ENTRY_ERROR ENOENT: no such file or directory, lstat 'D:\self-blog\node_modules\next\dist'
npm warn tar TAR_ENTRY_ERROR ENOENT: no such file or directory, lstat 'D:\self-blog\node_modules\next\dist'
npm warn tar TAR_ENTRY_ERROR ENOENT: no such file or directory, lstat 'D:\self-blog\node_modules\next\dist'
npm warn tar TAR_ENTRY_ERROR ENOENT: no such file or directory, lstat 'D:\self-blog\node_modules\next\dist'
npm warn tar TAR_ENTRY_ERROR ENOENT: no such file or directory, lstat 'D:\self-blog\node_modules\next\dist'
npm warn tar TAR_ENTRY_ERROR ENOENT: no such file or directory, lstat 'D:\self-blog\node_modules\next\dist'
npm warn tar TAR_ENTRY_ERROR ENOENT: no such file or directory, lstat 'D:\self-blog\node_modules\next\dist'
npm warn tar TAR_ENTRY_ERROR ENOENT: no such file or directory, lstat 'D:\self-blog\node_modules\next\dist'
npm warn tar TAR_ENTRY_ERROR ENOENT: no such file or directory, lstat 'D:\self-blog\node_modules\next\dist'
npm warn tar TAR_ENTRY_ERROR ENOENT: no such file or directory, open 'D:\self-blog\node_modules\next\dist\client\components\segment-cache-impl\scheduler.js'
npm warn tar TAR_ENTRY_ERROR ENOENT: no such file or directory, open 'D:\self-blog\node_modules\next\dist\esm\client\components\segment-cache-impl\scheduler.js'
npm warn tar TAR_ENTRY_ERROR ENOENT: no such file or directory, open 'D:\self-blog\node_modules\next\dist\esm\lib\scheduler.js'
npm warn tar TAR_ENTRY_ERROR ENOENT: no such file or directory, open 'D:\self-blog\node_modules\next\dist\lib\scheduler.js'
npm warn tar TAR_ENTRY_ERROR ENOENT: no such file or directory, lstat 'D:\self-blog\node_modules\next\dist'
npm warn tar TAR_ENTRY_ERROR ENOENT: no such file or directory, lstat 'D:\self-blog\node_modules\next\dist'
npm warn tar TAR_ENTRY_ERROR ENOENT: no such file or directory, lstat 'D:\self-blog\node_modules\next\dist'
npm warn tar TAR_ENTRY_ERROR ENOENT: no such file or directory, lstat 'D:\self-blog\node_modules\next\dist'
npm warn tar TAR_ENTRY_ERROR ENOENT: no such file or directory, lstat 'D:\self-blog\node_modules\next\dist'
npm warn tar TAR_ENTRY_ERROR ENOENT: no such file or directory, lstat 'D:\self-blog\node_modules\next\dist'
npm warn tar TAR_ENTRY_ERROR ENOENT: no such file or directory, open 'D:\self-blog\node_modules\next\dist\api\script.js'
npm warn tar TAR_ENTRY_ERROR ENOENT: no such file or directory, open 'D:\self-blog\node_modules\next\dist\client\script.js'
npm warn tar TAR_ENTRY_ERROR ENOENT: no such file or directory, open 'D:\self-blog\node_modules\next\dist\esm\api\script.js'
npm warn tar TAR_ENTRY_ERROR ENOENT: no such file or directory, open 'D:\self-blog\node_modules\next\dist\esm\client\script.js'
npm warn tar TAR_ENTRY_ERROR ENOENT: no such file or directory, open 'D:\self-blog\node_modules\next\script.js'
npm warn tar TAR_ENTRY_ERROR ENOENT: no such file or directory, open 'D:\self-blog\node_modules\next\dist\compiled\postcss-scss\scss-syntax.js'
npm warn tar TAR_ENTRY_ERROR ENOENT: no such file or directory, open 'D:\self-blog\node_modules\next\dist\client\request\search-params.browser.dev.js'
npm warn tar TAR_ENTRY_ERROR ENOENT: no such file or directory, open 'D:\self-blog\node_modules\next\dist\esm\client\request\search-params.browser.dev.js'
npm warn tar TAR_ENTRY_ERROR ENOENT: no such file or directory, open 'D:\self-blog\node_modules\next\dist\client\request\search-params.browser.js'
npm warn tar TAR_ENTRY_ERROR ENOENT: no such file or directory, open 'D:\self-blog\node_modules\next\dist\esm\client\request\search-params.browser.js'
npm warn tar TAR_ENTRY_ERROR ENOENT: no such file or directory, open 'D:\self-blog\node_modules\next\dist\client\request\search-params.browser.prod.js'
npm warn tar TAR_ENTRY_ERROR ENOENT: no such file or directory, open 'D:\self-blog\node_modules\next\dist\esm\client\request\search-params.browser.prod.js'
npm warn tar TAR_ENTRY_ERROR ENOENT: no such file or directory, open 'D:\self-blog\node_modules\next\dist\esm\server\request\search-params.js'
npm warn tar TAR_ENTRY_ERROR ENOENT: no such file or directory, open 'D:\self-blog\node_modules\next\dist\server\request\search-params.js'
npm warn tar TAR_ENTRY_ERROR ENOENT: no such file or directory, open 'D:\self-blog\node_modules\next\dist\client\components\segment-cache.js'
npm warn tar TAR_ENTRY_ERROR ENOENT: no such file or directory, open 'D:\self-blog\node_modules\next\dist\esm\client\components\segment-cache.js'
npm warn tar TAR_ENTRY_ERROR ENOENT: no such file or directory, open 'D:\self-blog\node_modules\next\dist\esm\next-devtools\userspace\app\segment-explorer-node.js'
npm warn tar TAR_ENTRY_ERROR ENOENT: no such file or directory, open 'D:\self-blog\node_modules\next\dist\next-devtools\userspace\app\segment-explorer-node.js'
npm warn tar TAR_ENTRY_ERROR ENOENT: no such file or directory, open 'D:\self-blog\node_modules\next\dist\esm\server\app-render\segment-explorer-path.js'
npm warn tar TAR_ENTRY_ERROR ENOENT: no such file or directory, open 'D:\self-blog\node_modules\next\dist\server\app-render\segment-explorer-path.js'
npm warn tar TAR_ENTRY_ERROR ENOENT: no such file or directory, open 'D:\self-blog\node_modules\next\dist\esm\server\normalizers\request\segment-prefix-rsc.js'
npm warn tar TAR_ENTRY_ERROR ENOENT: no such file or directory, open 'D:\self-blog\node_modules\next\dist\server\normalizers\request\segment-prefix-rsc.js'
npm warn tar TAR_ENTRY_ERROR ENOENT: no such file or directory, open 'D:\self-blog\node_modules\next\dist\esm\shared\lib\segment-cache\segment-value-encoding.js'
npm warn tar TAR_ENTRY_ERROR ENOENT: no such file or directory, open 'D:\self-blog\node_modules\next\dist\shared\lib\segment-cache\segment-value-encoding.js'
npm warn tar TAR_ENTRY_ERROR ENOENT: no such file or directory, open 'D:\self-blog\node_modules\next\dist\esm\shared\lib\segment.js'
npm warn tar TAR_ENTRY_ERROR ENOENT: no such file or directory, open 'D:\self-blog\node_modules\next\dist\shared\lib\segment.js'
npm warn tar TAR_ENTRY_ERROR ENOENT: no such file or directory, open 'D:\self-blog\node_modules\next\dist\esm\lib\semver-noop.js'
npm warn tar TAR_ENTRY_ERROR ENOENT: no such file or directory, open 'D:\self-blog\node_modules\next\dist\lib\semver-noop.js'
npm warn tar TAR_ENTRY_ERROR ENOENT: no such file or directory, open 'D:\self-blog\node_modules\next\dist\esm\server\send-payload.js'
npm warn tar TAR_ENTRY_ERROR ENOENT: no such file or directory, open 'D:\self-blog\node_modules\next\dist\server\send-payload.js'
npm warn tar TAR_ENTRY_ERROR ENOENT: no such file or directory, open 'D:\self-blog\node_modules\next\dist\esm\server\send-response.js'
npm warn tar TAR_ENTRY_ERROR ENOENT: no such file or directory, open 'D:\self-blog\node_modules\next\dist\server\send-response.js'
npm warn tar TAR_ENTRY_ERROR ENOENT: no such file or directory, open 'D:\self-blog\node_modules\next\dist\esm\server\serve-static.js'
npm warn tar TAR_ENTRY_ERROR ENOENT: no such file or directory, open 'D:\self-blog\node_modules\next\dist\server\serve-static.js'
npm warn tar TAR_ENTRY_ERROR ENOENT: no such file or directory, open 'D:\self-blog\node_modules\next\dist\client\components\router-reducer\reducers\server-action-reducer.js'
npm warn tar TAR_ENTRY_ERROR ENOENT: no such file or directory, open 'D:\self-blog\node_modules\next\dist\esm\client\components\router-reducer\reducers\server-action-reducer.js'
npm warn tar TAR_ENTRY_ERROR ENOENT: no such file or directory, open 'D:\self-blog\node_modules\next\dist\esm\server\lib\server-action-request-meta.js'
npm warn tar TAR_ENTRY_ERROR ENOENT: no such file or directory, open 'D:\self-blog\node_modules\next\dist\server\lib\server-action-request-meta.js'
npm warn tar TAR_ENTRY_ERROR ENOENT: no such file or directory, open 'D:\self-blog\node_modules\next\dist\esm\server\typescript\rules\server-boundary.js'
npm warn tar TAR_ENTRY_ERROR ENOENT: no such file or directory, open 'D:\self-blog\node_modules\next\dist\server\typescript\rules\server-boundary.js'
npm warn tar TAR_ENTRY_ERROR ENOENT: no such file or directory, open 'D:\self-blog\node_modules\next\dist\experimental\testmode\server-edge.js'
npm warn tar TAR_ENTRY_ERROR ENOENT: no such file or directory, open 'D:\self-blog\node_modules\next\dist\esm\server\app-render\server-inserted-html.js'
npm warn tar TAR_ENTRY_ERROR ENOENT: no such file or directory, open 'D:\self-blog\node_modules\next\dist\esm\server\route-modules\app-page\vendored\contexts\server-inserted-html.js'
npm warn tar TAR_ENTRY_ERROR ENOENT: no such file or directory, open 'D:\self-blog\node_modules\next\dist\esm\server\route-modules\pages\vendored\contexts\server-inserted-html.js'
npm warn tar TAR_ENTRY_ERROR ENOENT: no such file or directory, open 'D:\self-blog\node_modules\next\dist\server\app-render\server-inserted-html.js'
npm warn tar TAR_ENTRY_ERROR ENOENT: no such file or directory, open 'D:\self-blog\node_modules\next\dist\server\route-modules\app-page\vendored\contexts\server-inserted-html.js'
npm warn tar TAR_ENTRY_ERROR ENOENT: no such file or directory, open 'D:\self-blog\node_modules\next\dist\server\route-modules\pages\vendored\contexts\server-inserted-html.js'
npm warn tar TAR_ENTRY_ERROR ENOENT: no such file or directory, open 'D:\self-blog\node_modules\next\dist\esm\shared\lib\server-inserted-html.shared-runtime.js'
npm warn tar TAR_ENTRY_ERROR ENOENT: no such file or directory, open 'D:\self-blog\node_modules\next\dist\shared\lib\server-inserted-html.shared-runtime.js'
npm warn tar TAR_ENTRY_ERROR ENOENT: no such file or directory, open 'D:\self-blog\node_modules\next\dist\esm\server\route-matcher-providers\helpers\manifest-loaders\server-manifest-loader.js'
npm warn tar TAR_ENTRY_ERROR ENOENT: no such file or directory, open 'D:\self-blog\node_modules\next\dist\server\route-matcher-providers\helpers\manifest-loaders\server-manifest-loader.js'
npm warn tar TAR_ENTRY_ERROR ENOENT: no such file or directory, open 'D:\self-blog\node_modules\next\dist\client\components\router-reducer\reducers\server-patch-reducer.js'
npm warn tar TAR_ENTRY_ERROR ENOENT: no such file or directory, open 'D:\self-blog\node_modules\next\dist\esm\client\components\router-reducer\reducers\server-patch-reducer.js'
npm warn tar TAR_ENTRY_ERROR ENOENT: no such file or directory, open 'D:\self-blog\node_modules\next\dist\esm\shared\lib\server-reference-info.js'
npm warn tar TAR_ENTRY_ERROR ENOENT: no such file or directory, open 'D:\self-blog\node_modules\next\dist\shared\lib\server-reference-info.js'
npm warn tar TAR_ENTRY_ERROR ENOENT: no such file or directory, open 'D:\self-blog\node_modules\next\dist\build\webpack\loaders\next-flight-loader\server-reference.js'
npm warn tar TAR_ENTRY_ERROR ENOENT: no such file or directory, open 'D:\self-blog\node_modules\next\dist\esm\build\webpack\loaders\next-flight-loader\server-reference.js'
npm warn tar TAR_ENTRY_ERROR ENOENT: no such file or directory, open 'D:\self-blog\node_modules\next\dist\esm\server\server-route-utils.js'
npm warn tar TAR_ENTRY_ERROR ENOENT: no such file or directory, open 'D:\self-blog\node_modules\next\dist\server\server-route-utils.js'
npm warn tar TAR_ENTRY_ERROR ENOENT: no such file or directory, open 'D:\self-blog\node_modules\next\dist\esm\server\server-utils.js'
npm warn tar TAR_ENTRY_ERROR ENOENT: no such file or directory, open 'D:\self-blog\node_modules\next\dist\server\server-utils.js'
npm warn tar TAR_ENTRY_ERROR ENOENT: no such file or directory, open 'D:\self-blog\node_modules\next\dist\compiled\react-dom-experimental\server.browser.js'
npm warn tar TAR_ENTRY_ERROR ENOENT: no such file or directory, open 'D:\self-blog\node_modules\next\dist\compiled\react-dom\server.browser.js'
npm warn tar TAR_ENTRY_ERROR ENOENT: no such file or directory, open 'D:\self-blog\node_modules\next\dist\compiled\react-server-dom-turbopack-experimental\server.browser.js'
npm warn tar TAR_ENTRY_ERROR ENOENT: no such file or directory, open 'D:\self-blog\node_modules\next\dist\compiled\react-server-dom-turbopack\server.browser.js'
npm warn tar TAR_ENTRY_ERROR ENOENT: no such file or directory, open 'D:\self-blog\node_modules\next\dist\compiled\react-server-dom-webpack-experimental\server.browser.js'
npm warn tar TAR_ENTRY_ERROR ENOENT: no such file or directory, open 'D:\self-blog\node_modules\next\dist\compiled\react-server-dom-webpack\server.browser.js'
npm warn tar TAR_ENTRY_ERROR ENOENT: no such file or directory, open 'D:\self-blog\node_modules\next\dist\compiled\react-dom-experimental\server.edge.js'
npm warn tar TAR_ENTRY_ERROR ENOENT: no such file or directory, open 'D:\self-blog\node_modules\next\dist\compiled\react-dom\server.edge.js'
npm warn tar TAR_ENTRY_ERROR ENOENT: no such file or directory, open 'D:\self-blog\node_modules\next\dist\compiled\react-server-dom-turbopack-experimental\server.edge.js'
npm warn tar TAR_ENTRY_ERROR ENOENT: no such file or directory, open 'D:\self-blog\node_modules\next\dist\compiled\react-server-dom-turbopack\server.edge.js'
npm warn tar TAR_ENTRY_ERROR ENOENT: no such file or directory, open 'D:\self-blog\node_modules\next\dist\compiled\react-server-dom-webpack-experimental\server.edge.js'
npm warn tar TAR_ENTRY_ERROR ENOENT: no such file or directory, open 'D:\self-blog\node_modules\next\dist\compiled\react-server-dom-webpack\server.edge.js'
npm warn tar TAR_ENTRY_ERROR ENOENT: no such file or directory, open 'D:\self-blog\node_modules\next\dist\api\server.js'
npm warn tar TAR_ENTRY_ERROR ENOENT: no such file or directory, open 'D:\self-blog\node_modules\next\dist\compiled\react-dom-experimental\server.js'
npm warn tar TAR_ENTRY_ERROR ENOENT: no such file or directory, open 'D:\self-blog\node_modules\next\dist\compiled\react-dom\server.js'
npm warn tar TAR_ENTRY_ERROR ENOENT: no such file or directory, open 'D:\self-blog\node_modules\next\dist\compiled\react-server-dom-turbopack-experimental\server.js'
npm warn tar TAR_ENTRY_ERROR ENOENT: no such file or directory, open 'D:\self-blog\node_modules\next\dist\compiled\react-server-dom-turbopack\server.js'
npm warn tar TAR_ENTRY_ERROR ENOENT: no such file or directory, open 'D:\self-blog\node_modules\next\dist\compiled\react-server-dom-webpack-experimental\server.js'
npm warn tar TAR_ENTRY_ERROR ENOENT: no such file or directory, open 'D:\self-blog\node_modules\next\dist\compiled\react-server-dom-webpack\server.js'
npm warn tar TAR_ENTRY_ERROR ENOENT: no such file or directory, open 'D:\self-blog\node_modules\next\dist\esm\api\server.js'
npm warn tar TAR_ENTRY_ERROR ENOENT: no such file or directory, open 'D:\self-blog\node_modules\next\dist\esm\server\typescript\rules\server.js'
npm warn tar TAR_ENTRY_ERROR ENOENT: no such file or directory, open 'D:\self-blog\node_modules\next\dist\experimental\testmode\proxy\server.js'
npm warn tar TAR_ENTRY_ERROR ENOENT: no such file or directory, open 'D:\self-blog\node_modules\next\dist\experimental\testmode\server.js'
npm warn tar TAR_ENTRY_ERROR ENOENT: no such file or directory, open 'D:\self-blog\node_modules\next\dist\server\typescript\rules\server.js'
npm warn tar TAR_ENTRY_ERROR ENOENT: no such file or directory, lstat 'D:\self-blog\node_modules\next\experimental'
npm warn tar TAR_ENTRY_ERROR ENOENT: no such file or directory, open 'D:\self-blog\node_modules\next\server.js'
npm warn tar TAR_ENTRY_ERROR ENOENT: no such file or directory, open 'D:\self-blog\node_modules\next\dist\compiled\react-dom-experimental\server.node.js'
npm warn tar TAR_ENTRY_ERROR ENOENT: no such file or directory, open 'D:\self-blog\node_modules\next\dist\compiled\react-dom\server.node.js'
npm warn tar TAR_ENTRY_ERROR ENOENT: no such file or directory, open 'D:\self-blog\node_modules\next\dist\compiled\react-server-dom-turbopack-experimental\server.node.js'
npm warn tar TAR_ENTRY_ERROR ENOENT: no such file or directory, open 'D:\self-blog\node_modules\next\dist\compiled\react-server-dom-turbopack\server.node.js'
npm warn tar TAR_ENTRY_ERROR ENOENT: no such file or directory, open 'D:\self-blog\node_modules\next\dist\compiled\react-server-dom-webpack-experimental\server.node.js'
npm warn tar TAR_ENTRY_ERROR ENOENT: no such file or directory, open 'D:\self-blog\node_modules\next\dist\compiled\react-server-dom-webpack\server.node.js'
npm warn tar TAR_ENTRY_ERROR ENOENT: no such file or directory, open 'D:\self-blog\node_modules\next\dist\compiled\react-server-dom-webpack-experimental\server.node.unbundled.js'
npm warn tar TAR_ENTRY_ERROR ENOENT: no such file or directory, open 'D:\self-blog\node_modules\next\dist\compiled\react-server-dom-webpack\server.node.unbundled.js'
npm warn tar TAR_ENTRY_ERROR ENOENT: no such file or directory, open 'D:\self-blog\node_modules\next\dist\compiled\react-dom-experimental\server.react-server.js'
npm warn tar TAR_ENTRY_ERROR ENOENT: no such file or directory, open 'D:\self-blog\node_modules\next\dist\compiled\react-dom\server.react-server.js'
npm warn tar TAR_ENTRY_ERROR ENOENT: no such file or directory, open 'D:\self-blog\node_modules\next\dist\compiled\next-server\server.runtime.prod.js'
npm warn tar TAR_ENTRY_ERROR ENOENT: no such file or directory, open 'D:\self-blog\node_modules\next\dist\telemetry\events\session-stopped.js'
npm warn tar TAR_ENTRY_ERROR ENOENT: no such file or directory, open 'D:\self-blog\node_modules\next\dist\client\set-attributes-from-props.js'
npm warn tar TAR_ENTRY_ERROR ENOENT: no such file or directory, open 'D:\self-blog\node_modules\next\dist\esm\client\set-attributes-from-props.js'
npm warn tar TAR_ENTRY_ERROR ENOENT: no such file or directory, open 'D:\self-blog\node_modules\next\dist\client\components\router-reducer\set-cache-busting-search-param.js'
npm warn tar TAR_ENTRY_ERROR ENOENT: no such file or directory, open 'D:\self-blog\node_modules\next\dist\esm\client\components\router-reducer\set-cache-busting-search-param.js'
npm warn tar TAR_ENTRY_ERROR ENOENT: no such file or directory, open 'D:\self-blog\node_modules\next\dist\compiled\@babel\runtime\helpers\esm\set.js'
npm warn tar TAR_ENTRY_ERROR ENOENT: no such file or directory, open 'D:\self-blog\node_modules\next\dist\compiled\@babel\runtime\helpers\set.js'
npm warn tar TAR_ENTRY_ERROR ENOENT: no such file or directory, open 'D:\self-blog\node_modules\next\dist\compiled\@babel\runtime\helpers\esm\setFunctionName.js'
npm warn tar TAR_ENTRY_ERROR ENOENT: no such file or directory, open 'D:\self-blog\node_modules\next\dist\compiled\@babel\runtime\helpers\setFunctionName.js'
npm warn tar TAR_ENTRY_ERROR ENOENT: no such file or directory, lstat 'D:\self-blog\node_modules\next\dist'
npm warn tar TAR_ENTRY_ERROR ENOENT: no such file or directory, open 'D:\self-blog\node_modules\next\dist\compiled\@babel\runtime\helpers\esm\setPrototypeOf.js'
npm warn tar TAR_ENTRY_ERROR ENOENT: no such file or directory, open 'D:\self-blog\node_modules\next\dist\compiled\@babel\runtime\helpers\setPrototypeOf.js'
npm warn tar TAR_ENTRY_ERROR ENOENT: no such file or directory, open 'D:\self-blog\node_modules\next\dist\esm\server\lib\router-utils\setup-dev-bundler.js'
npm warn tar TAR_ENTRY_ERROR ENOENT: no such file or directory, open 'D:\self-blog\node_modules\next\dist\server\lib\router-utils\setup-dev-bundler.js'
npm warn tar TAR_ENTRY_ERROR ENOENT: no such file or directory, open 'D:\self-blog\node_modules\next\dist\esm\lib\setup-exception-listeners.js'
npm warn tar TAR_ENTRY_ERROR ENOENT: no such file or directory, open 'D:\self-blog\node_modules\next\dist\lib\setup-exception-listeners.js'
npm warn tar TAR_ENTRY_ERROR ENOENT: no such file or directory, open 'D:\self-blog\node_modules\next\dist\esm\server\setup-http-agent-env.js'
npm warn tar TAR_ENTRY_ERROR ENOENT: no such file or directory, open 'D:\self-blog\node_modules\next\dist\server\setup-http-agent-env.js'
npm warn tar TAR_ENTRY_ERROR ENOENT: no such file or directory, open 'D:\self-blog\node_modules\next\dist\esm\server\lib\incremental-cache\shared-cache-controls.external.js'
npm warn tar TAR_ENTRY_ERROR ENOENT: no such file or directory, open 'D:\self-blog\node_modules\next\dist\server\lib\incremental-cache\shared-cache-controls.external.js'
npm warn tar TAR_ENTRY_ERROR ENOENT: no such file or directory, open 'D:\self-blog\node_modules\next\dist\esm\server\route-modules\app-route\shared-modules.js'
npm warn tar TAR_ENTRY_ERROR ENOENT: no such file or directory, open 'D:\self-blog\node_modules\next\dist\server\route-modules\app-route\shared-modules.js'
npm warn tar TAR_ENTRY_ERROR ENOENT: no such file or directory, open 'D:\self-blog\node_modules\next\dist\build\webpack\plugins\next-types-plugin\shared.js'
npm warn tar TAR_ENTRY_ERROR ENOENT: no such file or directory, open 'D:\self-blog\node_modules\next\dist\client\dev\hot-reloader\shared.js'
npm warn tar TAR_ENTRY_ERROR ENOENT: no such file or directory, open 'D:\self-blog\node_modules\next\dist\esm\build\webpack\plugins\next-types-plugin\shared.js'
npm warn tar TAR_ENTRY_ERROR ENOENT: no such file or directory, open 'D:\self-blog\node_modules\next\dist\esm\client\dev\hot-reloader\shared.js'
npm warn tar TAR_ENTRY_ERROR ENOENT: no such file or directory, open 'D:\self-blog\node_modules\next\dist\esm\next-devtools\server\shared.js'
npm warn tar TAR_ENTRY_ERROR ENOENT: no such file or directory, open 'D:\self-blog\node_modules\next\dist\next-devtools\server\shared.js'
npm warn tar TAR_ENTRY_ERROR ENOENT: no such file or directory, open 'D:\self-blog\node_modules\next\dist\trace\shared.js'
npm warn tar TAR_ENTRY_ERROR ENOENT: no such file or directory, open 'D:\self-blog\node_modules\next\dist\build\polyfills\object.assign\shim.js'
npm warn tar TAR_ENTRY_ERROR ENOENT: no such file or directory, open 'D:\self-blog\node_modules\next\dist\esm\build\polyfills\object.assign\shim.js'
npm warn tar TAR_ENTRY_ERROR ENOENT: no such file or directory, open 'D:\self-blog\node_modules\next\dist\client\components\router-reducer\should-hard-navigate.js'
npm warn tar TAR_ENTRY_ERROR ENOENT: no such file or directory, open 'D:\self-blog\node_modules\next\dist\esm\client\components\router-reducer\should-hard-navigate.js'
npm warn tar TAR_ENTRY_ERROR ENOENT: no such file or directory, open 'D:\self-blog\node_modules\next\dist\esm\lib\memory\shutdown.js'
npm warn tar TAR_ENTRY_ERROR ENOENT: no such file or directory, open 'D:\self-blog\node_modules\next\dist\lib\memory\shutdown.js'
npm warn tar TAR_ENTRY_ERROR ENOENT: no such file or directory, open 'D:\self-blog\node_modules\next\dist\esm\shared\lib\side-effect.js'
npm warn tar TAR_ENTRY_ERROR ENOENT: no such file or directory, open 'D:\self-blog\node_modules\next\dist\shared\lib\side-effect.js'
npm warn tar TAR_ENTRY_ERROR ENOENT: no such file or directory, open 'D:\self-blog\node_modules\next\dist\build\webpack\plugins\wellknown-errors-plugin\simpleWebpackError.js'
npm warn tar TAR_ENTRY_ERROR ENOENT: no such file or directory, open 'D:\self-blog\node_modules\next\dist\esm\build\webpack\plugins\wellknown-errors-plugin\simpleWebpackError.js'
npm warn tar TAR_ENTRY_ERROR ENOENT: no such file or directory, open 'D:\self-blog\node_modules\next\dist\compiled\webpack\SingleEntryPlugin.js'
npm warn tar TAR_ENTRY_ERROR ENOENT: no such file or directory, open 'D:\self-blog\node_modules\next\dist\compiled\@babel\runtime\helpers\esm\skipFirstGeneratorNext.js'
npm warn tar TAR_ENTRY_ERROR ENOENT: no such file or directory, open 'D:\self-blog\node_modules\next\dist\compiled\@babel\runtime\helpers\skipFirstGeneratorNext.js'
npm warn tar TAR_ENTRY_ERROR ENOENT: no such file or directory, open 'D:\self-blog\node_modules\next\dist\compiled\@babel\runtime\helpers\esm\slicedToArray.js'
npm warn tar TAR_ENTRY_ERROR ENOENT: no such file or directory, open 'D:\self-blog\node_modules\next\dist\compiled\@babel\runtime\helpers\slicedToArray.js'
npm warn tar TAR_ENTRY_ERROR ENOENT: no such file or directory, open 'D:\self-blog\node_modules\next\dist\build\webpack\plugins\slow-module-detection-plugin.js'
npm warn tar TAR_ENTRY_ERROR ENOENT: no such file or directory, open 'D:\self-blog\node_modules\next\dist\esm\build\webpack\plugins\slow-module-detection-plugin.js'
npm warn tar TAR_ENTRY_ERROR ENOENT: no such file or directory, open 'D:\self-blog\node_modules\next\dist\compiled\@next\font\dist\google\sort-fonts-variant-values.js'
npm warn tar TAR_ENTRY_ERROR ENOENT: no such file or directory, open 'D:\self-blog\node_modules\next\dist\esm\shared\lib\router\utils\sortable-routes.js'
npm warn tar TAR_ENTRY_ERROR ENOENT: no such file or directory, open 'D:\self-blog\node_modules\next\dist\shared\lib\router\utils\sortable-routes.js'
npm warn tar TAR_ENTRY_ERROR ENOENT: no such file or directory, open 'D:\self-blog\node_modules\next\dist\esm\shared\lib\router\utils\sorted-routes.js'
npm warn tar TAR_ENTRY_ERROR ENOENT: no such file or directory, open 'D:\self-blog\node_modules\next\dist\shared\lib\router\utils\sorted-routes.js'
npm warn tar TAR_ENTRY_ERROR ENOENT: no such file or directory, open 'D:\self-blog\node_modules\next\dist\compiled\source-map\source-map.js'
npm warn tar TAR_ENTRY_ERROR ENOENT: no such file or directory, open 'D:\self-blog\node_modules\next\dist\compiled\source-map08\source-map.js'
npm warn tar TAR_ENTRY_ERROR ENOENT: no such file or directory, lstat 'D:\self-blog\node_modules\next\dist'
npm warn tar TAR_ENTRY_ERROR ENOENT: no such file or directory, lstat 'D:\self-blog\node_modules\next\dist'
npm warn tar TAR_ENTRY_ERROR ENOENT: no such file or directory, open 'D:\self-blog\node_modules\next\dist\esm\server\lib\source-maps.js'
npm warn tar TAR_ENTRY_ERROR ENOENT: no such file or directory, open 'D:\self-blog\node_modules\next\dist\server\lib\source-maps.js'
npm warn tar TAR_ENTRY_ERROR ENOENT: no such file or directory, open 'D:\self-blog\node_modules\next\dist\compiled\webpack\SourceMapDevToolModuleOptionsPlugin.js'
npm warn tar TAR_ENTRY_ERROR ENOENT: no such file or directory, open 'D:\self-blog\node_modules\next\dist\compiled\webpack\sources.js'
npm warn tar TAR_ENTRY_ERROR ENOENT: no such file or directory, open 'D:\self-blog\node_modules\next\dist\build\spinner.js'
npm warn tar TAR_ENTRY_ERROR ENOENT: no such file or directory, open 'D:\self-blog\node_modules\next\dist\esm\build\spinner.js'
npm warn tar TAR_ENTRY_ERROR ENOENT: no such file or directory, open 'D:\self-blog\node_modules\next\dist\esm\next-devtools\shared\stack-frame.js'
npm warn tar TAR_ENTRY_ERROR ENOENT: no such file or directory, open 'D:\self-blog\node_modules\next\dist\next-devtools\shared\stack-frame.js'
npm warn tar TAR_ENTRY_ERROR ENOENT: no such file or directory, open 'D:\self-blog\node_modules\next\dist\compiled\stacktrace-parser\stack-trace-parser.cjs.js'
npm warn tar TAR_ENTRY_ERROR ENOENT: no such file or directory, open 'D:\self-blog\node_modules\next\dist\esm\server\lib\start-server.js'
npm warn tar TAR_ENTRY_ERROR ENOENT: no such file or directory, open 'D:\self-blog\node_modules\next\dist\server\lib\start-server.js'
npm warn tar TAR_ENTRY_ERROR ENOENT: no such file or directory, open 'D:\self-blog\node_modules\next\dist\esm\lib\memory\startup.js'
npm warn tar TAR_ENTRY_ERROR ENOENT: no such file or directory, open 'D:\self-blog\node_modules\next\dist\lib\memory\startup.js'
npm warn tar TAR_ENTRY_ERROR ENOENT: no such file or directory, open 'D:\self-blog\node_modules\next\dist\esm\lib\static-env.js'
npm warn tar TAR_ENTRY_ERROR ENOENT: no such file or directory, open 'D:\self-blog\node_modules\next\dist\lib\static-env.js'
npm warn tar TAR_ENTRY_ERROR ENOENT: no such file or directory, open 'D:\self-blog\node_modules\next\dist\client\components\static-generation-bailout.js'
npm warn tar TAR_ENTRY_ERROR ENOENT: no such file or directory, open 'D:\self-blog\node_modules\next\dist\esm\client\components\static-generation-bailout.js'
npm warn tar TAR_ENTRY_ERROR ENOENT: no such file or directory, open 'D:\self-blog\node_modules\next\dist\esm\server\dev\static-paths-worker.js'
npm warn tar TAR_ENTRY_ERROR ENOENT: no such file or directory, open 'D:\self-blog\node_modules\next\dist\server\dev\static-paths-worker.js'
npm warn tar TAR_ENTRY_ERROR ENOENT: no such file or directory, open 'D:\self-blog\node_modules\next\dist\compiled\react-server-dom-turbopack-experimental\static.browser.js'
npm warn tar TAR_ENTRY_ERROR ENOENT: no such file or directory, open 'D:\self-blog\node_modules\next\dist\compiled\react-server-dom-turbopack\static.browser.js'
npm warn tar TAR_ENTRY_ERROR ENOENT: no such file or directory, open 'D:\self-blog\node_modules\next\dist\compiled\react-server-dom-webpack-experimental\static.browser.js'
npm warn tar TAR_ENTRY_ERROR ENOENT: no such file or directory, open 'D:\self-blog\node_modules\next\dist\compiled\react-server-dom-webpack\static.browser.js'
npm warn tar TAR_ENTRY_ERROR ENOENT: no such file or directory, open 'D:\self-blog\node_modules\next\dist\compiled\react-dom-experimental\static.edge.js'
npm warn tar TAR_ENTRY_ERROR ENOENT: no such file or directory, open 'D:\self-blog\node_modules\next\dist\compiled\react-dom\static.edge.js'
npm warn tar TAR_ENTRY_ERROR ENOENT: no such file or directory, open 'D:\self-blog\node_modules\next\dist\compiled\react-server-dom-turbopack-experimental\static.edge.js'
npm warn tar TAR_ENTRY_ERROR ENOENT: no such file or directory, open 'D:\self-blog\node_modules\next\dist\compiled\react-server-dom-turbopack\static.edge.js'
npm warn tar TAR_ENTRY_ERROR ENOENT: no such file or directory, open 'D:\self-blog\node_modules\next\dist\compiled\react-server-dom-webpack-experimental\static.edge.js'
npm warn tar TAR_ENTRY_ERROR ENOENT: no such file or directory, open 'D:\self-blog\node_modules\next\dist\compiled\react-server-dom-webpack\static.edge.js'
npm warn tar TAR_ENTRY_ERROR ENOENT: no such file or directory, open 'D:\self-blog\node_modules\next\dist\compiled\react-server-dom-turbopack-experimental\static.js'
npm warn tar TAR_ENTRY_ERROR ENOENT: no such file or directory, open 'D:\self-blog\node_modules\next\dist\compiled\react-server-dom-turbopack\static.js'
npm warn tar TAR_ENTRY_ERROR ENOENT: no such file or directory, open 'D:\self-blog\node_modules\next\dist\compiled\react-server-dom-webpack-experimental\static.js'
npm warn tar TAR_ENTRY_ERROR ENOENT: no such file or directory, open 'D:\self-blog\node_modules\next\dist\compiled\react-server-dom-webpack\static.js'
npm warn tar TAR_ENTRY_ERROR ENOENT: no such file or directory, open 'D:\self-blog\node_modules\next\dist\compiled\react-dom-experimental\static.node.js'
npm warn tar TAR_ENTRY_ERROR ENOENT: no such file or directory, open 'D:\self-blog\node_modules\next\dist\compiled\react-dom\static.node.js'
npm warn tar TAR_ENTRY_ERROR ENOENT: no such file or directory, open 'D:\self-blog\node_modules\next\dist\compiled\react-server-dom-turbopack-experimental\static.node.js'
npm warn tar TAR_ENTRY_ERROR ENOENT: no such file or directory, open 'D:\self-blog\node_modules\next\dist\compiled\react-server-dom-turbopack\static.node.js'
npm warn tar TAR_ENTRY_ERROR ENOENT: no such file or directory, open 'D:\self-blog\node_modules\next\dist\compiled\react-server-dom-webpack-experimental\static.node.js'
npm warn tar TAR_ENTRY_ERROR ENOENT: no such file or directory, open 'D:\self-blog\node_modules\next\dist\compiled\react-server-dom-webpack\static.node.js'
npm warn tar TAR_ENTRY_ERROR ENOENT: no such file or directory, open 'D:\self-blog\node_modules\next\dist\compiled\react-server-dom-webpack-experimental\static.node.unbundled.js'
npm warn tar TAR_ENTRY_ERROR ENOENT: no such file or directory, open 'D:\self-blog\node_modules\next\dist\compiled\react-server-dom-webpack\static.node.unbundled.js'
npm warn tar TAR_ENTRY_ERROR ENOENT: no such file or directory, open 'D:\self-blog\node_modules\next\dist\compiled\react-dom-experimental\static.react-server.js'
npm warn tar TAR_ENTRY_ERROR ENOENT: no such file or directory, open 'D:\self-blog\node_modules\next\dist\compiled\react-dom\static.react-server.js'
npm warn tar TAR_ENTRY_ERROR ENOENT: no such file or directory, open 'D:\self-blog\node_modules\next\dist\experimental\testmode\playwright\step.js'
npm warn tar TAR_ENTRY_ERROR ENOENT: no such file or directory, open 'D:\self-blog\node_modules\next\dist\esm\next-devtools\userspace\app\errors\stitched-error.js'
npm warn tar TAR_ENTRY_ERROR ENOENT: no such file or directory, open 'D:\self-blog\node_modules\next\dist\next-devtools\userspace\app\errors\stitched-error.js'
npm warn tar TAR_ENTRY_ERROR ENOENT: no such file or directory, open 'D:\self-blog\node_modules\next\dist\telemetry\storage.js'
npm warn tar TAR_ENTRY_ERROR ENOENT: no such file or directory, open 'D:\self-blog\node_modules\next\dist\build\output\store.js'
npm warn tar TAR_ENTRY_ERROR ENOENT: no such file or directory, open 'D:\self-blog\node_modules\next\dist\esm\build\output\store.js'
npm warn tar TAR_ENTRY_ERROR ENOENT: no such file or directory, open 'D:\self-blog\node_modules\next\dist\compiled\@edge-runtime\primitives\stream.js'
npm warn tar TAR_ENTRY_ERROR ENOENT: no such file or directory, open 'D:\self-blog\node_modules\next\dist\esm\server\lib\streaming-metadata.js'
npm warn tar TAR_ENTRY_ERROR ENOENT: no such file or directory, open 'D:\self-blog\node_modules\next\dist\server\lib\streaming-metadata.js'
npm warn tar TAR_ENTRY_ERROR ENOENT: no such file or directory, open 'D:\self-blog\node_modules\next\dist\compiled\string_decoder\string_decoder.js'
npm warn tar TAR_ENTRY_ERROR ENOENT: no such file or directory, open 'D:\self-blog\node_modules\next\dist\build\webpack\stringify-request.js'
npm warn tar TAR_ENTRY_ERROR ENOENT: no such file or directory, open 'D:\self-blog\node_modules\next\dist\esm\build\webpack\stringify-request.js'
npm warn tar TAR_ENTRY_ERROR ENOENT: no such file or directory, open 'D:\self-blog\node_modules\next\dist\esm\server\app-render\strip-flight-headers.js'
npm warn tar TAR_ENTRY_ERROR ENOENT: no such file or directory, open 'D:\self-blog\node_modules\next\dist\server\app-render\strip-flight-headers.js'
npm warn tar TAR_ENTRY_ERROR ENOENT: no such file or directory, open 'D:\self-blog\node_modules\next\dist\esm\shared\lib\styled-jsx.js'
npm warn tar TAR_ENTRY_ERROR ENOENT: no such file or directory, open 'D:\self-blog\node_modules\next\dist\shared\lib\styled-jsx.js'
npm warn tar TAR_ENTRY_ERROR ENOENT: no such file or directory, open 'D:\self-blog\node_modules\next\dist\build\jest\__mocks__\styleMock.js'
npm warn tar TAR_ENTRY_ERROR ENOENT: no such file or directory, open 'D:\self-blog\node_modules\next\dist\build\webpack\plugins\subresource-integrity-plugin.js'
npm warn tar TAR_ENTRY_ERROR ENOENT: no such file or directory, open 'D:\self-blog\node_modules\next\dist\esm\build\webpack\plugins\subresource-integrity-plugin.js'
npm warn tar TAR_ENTRY_ERROR ENOENT: no such file or directory, open 'D:\self-blog\node_modules\next\dist\esm\server\normalizers\request\suffix.js'
npm warn tar TAR_ENTRY_ERROR ENOENT: no such file or directory, open 'D:\self-blog\node_modules\next\dist\server\normalizers\request\suffix.js'
npm warn tar TAR_ENTRY_ERROR ENOENT: no such file or directory, open 'D:\self-blog\node_modules\next\dist\compiled\@babel\runtime\helpers\esm\superPropBase.js'
npm warn tar TAR_ENTRY_ERROR ENOENT: no such file or directory, open 'D:\self-blog\node_modules\next\dist\compiled\@babel\runtime\helpers\superPropBase.js'
npm warn tar TAR_ENTRY_ERROR ENOENT: no such file or directory, open 'D:\self-blog\node_modules\next\dist\compiled\@babel\runtime\helpers\esm\superPropGet.js'
npm warn tar TAR_ENTRY_ERROR ENOENT: no such file or directory, open 'D:\self-blog\node_modules\next\dist\compiled\@babel\runtime\helpers\superPropGet.js'
npm warn tar TAR_ENTRY_ERROR ENOENT: no such file or directory, open 'D:\self-blog\node_modules\next\dist\compiled\@babel\runtime\helpers\esm\superPropSet.js'
npm warn tar TAR_ENTRY_ERROR ENOENT: no such file or directory, open 'D:\self-blog\node_modules\next\dist\compiled\@babel\runtime\helpers\superPropSet.js'
npm warn tar TAR_ENTRY_ERROR ENOENT: no such file or directory, open 'D:\self-blog\node_modules\next\dist\telemetry\events\swc-load-failure.js'
npm warn tar TAR_ENTRY_ERROR ENOENT: no such file or directory, open 'D:\self-blog\node_modules\next\dist\telemetry\events\swc-plugins.js'
npm warn tar TAR_ENTRY_ERROR ENOENT: no such file or directory, open 'D:\self-blog\node_modules\next\dist\compiled\@babel\runtime\helpers\esm\taggedTemplateLiteral.js'
npm warn tar TAR_ENTRY_ERROR ENOENT: no such file or directory, open 'D:\self-blog\node_modules\next\dist\compiled\@babel\runtime\helpers\taggedTemplateLiteral.js'
npm warn tar TAR_ENTRY_ERROR ENOENT: no such file or directory, open 'D:\self-blog\node_modules\next\dist\compiled\@babel\runtime\helpers\esm\taggedTemplateLiteralLoose.js'
npm warn tar TAR_ENTRY_ERROR ENOENT: no such file or directory, open 'D:\self-blog\node_modules\next\dist\compiled\@babel\runtime\helpers\taggedTemplateLiteralLoose.js'
npm warn tar TAR_ENTRY_ERROR ENOENT: no such file or directory, open 'D:\self-blog\node_modules\next\dist\esm\server\lib\incremental-cache\tags-manifest.external.js'
npm warn tar TAR_ENTRY_ERROR ENOENT: no such file or directory, open 'D:\self-blog\node_modules\next\dist\server\lib\incremental-cache\tags-manifest.external.js'
npm warn tar TAR_ENTRY_ERROR ENOENT: no such file or directory, open 'D:\self-blog\node_modules\next\dist\esm\server\app-render\rsc\taint.js'
npm warn tar TAR_ENTRY_ERROR ENOENT: no such file or directory, open 'D:\self-blog\node_modules\next\dist\server\app-render\rsc\taint.js'
npm warn tar TAR_ENTRY_ERROR ENOENT: no such file or directory, open 'D:\self-blog\node_modules\next\dist\build\turborepo-access-trace\tcp.js'
npm warn tar TAR_ENTRY_ERROR ENOENT: no such file or directory, open 'D:\self-blog\node_modules\next\dist\esm\build\turborepo-access-trace\tcp.js'
npm warn tar TAR_ENTRY_ERROR ENOENT: no such file or directory, open 'D:\self-blog\node_modules\next\dist\compiled\@babel\runtime\helpers\esm\tdz.js'
npm warn tar TAR_ENTRY_ERROR ENOENT: no such file or directory, open 'D:\self-blog\node_modules\next\dist\compiled\@babel\runtime\helpers\tdz.js'
npm warn tar TAR_ENTRY_ERROR ENOENT: no such file or directory, lstat 'D:\self-blog\node_modules\next\dist'
npm warn tar TAR_ENTRY_ERROR ENOENT: no such file or directory, lstat 'D:\self-blog\node_modules\next\dist'
npm warn tar TAR_ENTRY_ERROR ENOENT: no such file or directory, open 'D:\self-blog\node_modules\next\dist\compiled\@babel\runtime\helpers\esm\temporalRef.js'
npm warn tar TAR_ENTRY_ERROR ENOENT: no such file or directory, open 'D:\self-blog\node_modules\next\dist\compiled\@babel\runtime\helpers\temporalRef.js'
npm warn tar TAR_ENTRY_ERROR ENOENT: no such file or directory, open 'D:\self-blog\node_modules\next\dist\compiled\@babel\runtime\helpers\esm\temporalUndefined.js'
npm warn tar TAR_ENTRY_ERROR ENOENT: no such file or directory, open 'D:\self-blog\node_modules\next\dist\compiled\@babel\runtime\helpers\temporalUndefined.js'
npm warn tar TAR_ENTRY_ERROR ENOENT: no such file or directory, open 'D:\self-blog\node_modules\next\dist\esm\next-devtools\userspace\app\terminal-logging-config.js'
npm warn tar TAR_ENTRY_ERROR ENOENT: no such file or directory, open 'D:\self-blog\node_modules\next\dist\next-devtools\userspace\app\terminal-logging-config.js'
npm warn tar TAR_ENTRY_ERROR ENOENT: no such file or directory, open 'D:\self-blog\node_modules\next\dist\compiled\jest-worker\threadChild.js'
npm warn tar TAR_ENTRY_ERROR ENOENT: no such file or directory, open 'D:\self-blog\node_modules\next\dist\compiled\@edge-runtime\primitives\timers.js.text.js'
npm warn tar TAR_ENTRY_ERROR ENOENT: no such file or directory, open 'D:\self-blog\node_modules\next\dist\trace\report\to-json.js'
npm warn tar TAR_ENTRY_ERROR ENOENT: no such file or directory, open 'D:\self-blog\node_modules\next\dist\esm\server\lib\to-route.js'
npm warn tar TAR_ENTRY_ERROR ENOENT: no such file or directory, open 'D:\self-blog\node_modules\next\dist\server\lib\to-route.js'
npm warn tar TAR_ENTRY_ERROR ENOENT: no such file or directory, open 'D:\self-blog\node_modules\next\dist\trace\report\to-telemetry.js'
npm warn tar TAR_ENTRY_ERROR ENOENT: no such file or directory, open 'D:\self-blog\node_modules\next\dist\compiled\@babel\runtime\helpers\esm\toArray.js'
npm warn tar TAR_ENTRY_ERROR ENOENT: no such file or directory, open 'D:\self-blog\node_modules\next\dist\compiled\@babel\runtime\helpers\toArray.js'
npm warn tar TAR_ENTRY_ERROR ENOENT: no such file or directory, open 'D:\self-blog\node_modules\next\dist\compiled\@babel\runtime\helpers\esm\toConsumableArray.js'
npm warn tar TAR_ENTRY_ERROR ENOENT: no such file or directory, open 'D:\self-blog\node_modules\next\dist\compiled\@babel\runtime\helpers\toConsumableArray.js'
npm warn tar TAR_ENTRY_ERROR ENOENT: no such file or directory, open 'D:\self-blog\node_modules\next\dist\compiled\@babel\runtime\helpers\esm\toPrimitive.js'
npm warn tar TAR_ENTRY_ERROR ENOENT: no such file or directory, open 'D:\self-blog\node_modules\next\dist\compiled\@babel\runtime\helpers\toPrimitive.js'
npm warn tar TAR_ENTRY_ERROR ENOENT: no such file or directory, open 'D:\self-blog\node_modules\next\dist\compiled\@babel\runtime\helpers\esm\toPropertyKey.js'
npm warn tar TAR_ENTRY_ERROR ENOENT: no such file or directory, open 'D:\self-blog\node_modules\next\dist\compiled\@babel\runtime\helpers\toPropertyKey.js'
npm warn tar TAR_ENTRY_ERROR ENOENT: no such file or directory, open 'D:\self-blog\node_modules\next\dist\compiled\@babel\runtime\helpers\esm\toSetter.js'
npm warn tar TAR_ENTRY_ERROR ENOENT: no such file or directory, open 'D:\self-blog\node_modules\next\dist\compiled\@babel\runtime\helpers\toSetter.js'
npm warn tar TAR_ENTRY_ERROR ENOENT: no such file or directory, open 'D:\self-blog\node_modules\next\dist\trace\trace-uploader.js'
npm warn tar TAR_ENTRY_ERROR ENOENT: no such file or directory, open 'D:\self-blog\node_modules\next\dist\esm\lib\memory\trace.js'
npm warn tar TAR_ENTRY_ERROR ENOENT: no such file or directory, open 'D:\self-blog\node_modules\next\dist\lib\memory\trace.js'
npm warn tar TAR_ENTRY_ERROR ENOENT: no such file or directory, open 'D:\self-blog\node_modules\next\dist\trace\trace.js'
npm warn tar TAR_ENTRY_ERROR ENOENT: no such file or directory, open 'D:\self-blog\node_modules\next\dist\trace\trace.test.js'
npm warn tar TAR_ENTRY_ERROR ENOENT: no such file or directory, lstat 'D:\self-blog\node_modules\next\dist'
npm warn tar TAR_ENTRY_ERROR ENOENT: no such file or directory, lstat 'D:\self-blog\node_modules\next\dist'
npm warn tar TAR_ENTRY_ERROR ENOENT: no such file or directory, open 'D:\self-blog\node_modules\next\dist\esm\server\lib\trace\tracer.js'
npm warn tar TAR_ENTRY_ERROR ENOENT: no such file or directory, open 'D:\self-blog\node_modules\next\dist\server\lib\trace\tracer.js'
npm warn tar TAR_ENTRY_ERROR ENOENT: no such file or directory, open 'D:\self-blog\node_modules\next\dist\build\webpack\loaders\next-flight-loader\track-dynamic-import.js'
npm warn tar TAR_ENTRY_ERROR ENOENT: no such file or directory, open 'D:\self-blog\node_modules\next\dist\esm\build\webpack\loaders\next-flight-loader\track-dynamic-import.js'
npm warn tar TAR_ENTRY_ERROR ENOENT: no such file or directory, lstat 'D:\self-blog\node_modules\next\dist'
npm warn tar TAR_ENTRY_ERROR ENOENT: no such file or directory, lstat 'D:\self-blog\node_modules\next\dist'
npm warn tar TAR_ENTRY_ERROR ENOENT: no such file or directory, lstat 'D:\self-blog\node_modules\next\dist'
npm warn tar TAR_ENTRY_ERROR ENOENT: no such file or directory, lstat 'D:\self-blog\node_modules\next\dist'
npm warn tar TAR_ENTRY_ERROR ENOENT: no such file or directory, lstat 'D:\self-blog\node_modules\next\dist'
npm warn tar TAR_ENTRY_ERROR ENOENT: no such file or directory, lstat 'D:\self-blog\node_modules\next\dist'
npm warn tar TAR_ENTRY_ERROR ENOENT: no such file or directory, open 'D:\self-blog\node_modules\next\dist\build\babel\loader\transform.js'
npm warn tar TAR_ENTRY_ERROR ENOENT: no such file or directory, open 'D:\self-blog\node_modules\next\dist\esm\build\babel\loader\transform.js'
npm warn tar TAR_ENTRY_ERROR ENOENT: no such file or directory, lstat 'D:\self-blog\node_modules\next\dist'
npm warn tar TAR_ENTRY_ERROR ENOENT: no such file or directory, lstat 'D:\self-blog\node_modules\next\dist'
npm warn tar TAR_ENTRY_ERROR ENOENT: no such file or directory, open 'D:\self-blog\node_modules\next\dist\compiled\babel\traverse.js'
npm warn tar TAR_ENTRY_ERROR ENOENT: no such file or directory, open 'D:\self-blog\node_modules\next\dist\client\trusted-types.js'
npm warn tar TAR_ENTRY_ERROR ENOENT: no such file or directory, open 'D:\self-blog\node_modules\next\dist\esm\client\trusted-types.js'
npm warn tar TAR_ENTRY_ERROR ENOENT: no such file or directory, open 'D:\self-blog\node_modules\next\dist\esm\server\api-utils\node\try-get-preview-data.js'
npm warn tar TAR_ENTRY_ERROR ENOENT: no such file or directory, open 'D:\self-blog\node_modules\next\dist\server\api-utils\node\try-get-preview-data.js'
npm warn tar TAR_ENTRY_ERROR ENOENT: no such file or directory, open 'D:\self-blog\node_modules\next\dist\esm\lib\try-to-parse-path.js'
npm warn tar TAR_ENTRY_ERROR ENOENT: no such file or directory, open 'D:\self-blog\node_modules\next\dist\lib\try-to-parse-path.js'
npm warn tar TAR_ENTRY_ERROR ENOENT: no such file or directory, open 'D:\self-blog\node_modules\next\dist\compiled\@babel\runtime\helpers\esm\tsRewriteRelativeImportExtensions.js'
npm warn tar TAR_ENTRY_ERROR ENOENT: no such file or directory, open 'D:\self-blog\node_modules\next\dist\compiled\@babel\runtime\helpers\tsRewriteRelativeImportExtensions.js'
npm warn tar TAR_ENTRY_ERROR ENOENT: no such file or directory, open 'D:\self-blog\node_modules\next\dist\client\components\segment-cache-impl\tuple-map.js'
npm warn tar TAR_ENTRY_ERROR ENOENT: no such file or directory, open 'D:\self-blog\node_modules\next\dist\esm\client\components\segment-cache-impl\tuple-map.js'
npm warn tar TAR_ENTRY_ERROR ENOENT: no such file or directory, lstat 'D:\self-blog\node_modules\next\dist'
npm warn tar TAR_ENTRY_ERROR ENOENT: no such file or directory, open 'D:\self-blog\node_modules\next\dist\client\dev\hot-reloader\turbopack-hot-reloader-common.js'
npm warn tar TAR_ENTRY_ERROR ENOENT: no such file or directory, open 'D:\self-blog\node_modules\next\dist\esm\client\dev\hot-reloader\turbopack-hot-reloader-common.js'
npm warn tar TAR_ENTRY_ERROR ENOENT: no such file or directory, open 'D:\self-blog\node_modules\next\dist\esm\server\dev\turbopack-utils.js'
npm warn tar TAR_ENTRY_ERROR ENOENT: no such file or directory, open 'D:\self-blog\node_modules\next\dist\server\dev\turbopack-utils.js'
npm warn tar TAR_ENTRY_ERROR ENOENT: no such file or directory, open 'D:\self-blog\node_modules\next\dist\esm\lib\turbopack-warning.js'
npm warn tar TAR_ENTRY_ERROR ENOENT: no such file or directory, open 'D:\self-blog\node_modules\next\dist\lib\turbopack-warning.js'
npm warn tar TAR_ENTRY_ERROR ENOENT: no such file or directory, open 'D:\self-blog\node_modules\next\dist\esm\lib\metadata\types\twitter-types.js'
npm warn tar TAR_ENTRY_ERROR ENOENT: no such file or directory, open 'D:\self-blog\node_modules\next\dist\lib\metadata\types\twitter-types.js'
npm warn tar TAR_ENTRY_ERROR ENOENT: no such file or directory, open 'D:\self-blog\node_modules\next\dist\build\type-check.js'
npm warn tar TAR_ENTRY_ERROR ENOENT: no such file or directory, open 'D:\self-blog\node_modules\next\dist\esm\build\type-check.js'
npm warn tar TAR_ENTRY_ERROR ENOENT: no such file or directory, open 'D:\self-blog\node_modules\next\dist\esm\server\lib\router-utils\typegen.js'
npm warn tar TAR_ENTRY_ERROR ENOENT: no such file or directory, open 'D:\self-blog\node_modules\next\dist\server\lib\router-utils\typegen.js'
npm warn tar TAR_ENTRY_ERROR ENOENT: no such file or directory, open 'D:\self-blog\node_modules\next\dist\compiled\@babel\runtime\helpers\esm\typeof.js'
npm warn tar TAR_ENTRY_ERROR ENOENT: no such file or directory, open 'D:\self-blog\node_modules\next\dist\compiled\@babel\runtime\helpers\typeof.js'
npm warn tar TAR_ENTRY_ERROR ENOENT: no such file or directory, open 'D:\self-blog\node_modules\next\dist\build\static-paths\types.js'
npm warn tar TAR_ENTRY_ERROR ENOENT: no such file or directory, open 'D:\self-blog\node_modules\next\dist\build\swc\types.js'
npm warn tar TAR_ENTRY_ERROR ENOENT: no such file or directory, open 'D:\self-blog\node_modules\next\dist\build\turborepo-access-trace\types.js'
npm warn tar TAR_ENTRY_ERROR ENOENT: no such file or directory, open 'D:\self-blog\node_modules\next\dist\build\webpack\loaders\metadata\types.js'
npm warn tar TAR_ENTRY_ERROR ENOENT: no such file or directory, open 'D:\self-blog\node_modules\next\dist\client\components\metadata\types.js'
npm warn tar TAR_ENTRY_ERROR ENOENT: no such file or directory, open 'D:\self-blog\node_modules\next\dist\compiled\@next\font\dist\types.js'
npm warn tar TAR_ENTRY_ERROR ENOENT: no such file or directory, open 'D:\self-blog\node_modules\next\dist\compiled\babel\types.js'
npm warn tar TAR_ENTRY_ERROR ENOENT: no such file or directory, open 'D:\self-blog\node_modules\next\dist\esm\build\static-paths\types.js'
npm warn tar TAR_ENTRY_ERROR ENOENT: no such file or directory, open 'D:\self-blog\node_modules\next\dist\esm\build\swc\types.js'
npm warn tar TAR_ENTRY_ERROR ENOENT: no such file or directory, open 'D:\self-blog\node_modules\next\dist\esm\build\turborepo-access-trace\types.js'
npm warn tar TAR_ENTRY_ERROR ENOENT: no such file or directory, open 'D:\self-blog\node_modules\next\dist\esm\build\webpack\loaders\metadata\types.js'
npm warn tar TAR_ENTRY_ERROR ENOENT: no such file or directory, open 'D:\self-blog\node_modules\next\dist\esm\client\components\metadata\types.js'
npm warn tar TAR_ENTRY_ERROR ENOENT: no such file or directory, open 'D:\self-blog\node_modules\next\dist\esm\export\routes\types.js'
npm warn tar TAR_ENTRY_ERROR ENOENT: no such file or directory, open 'D:\self-blog\node_modules\next\dist\esm\export\types.js'
npm warn tar TAR_ENTRY_ERROR ENOENT: no such file or directory, open 'D:\self-blog\node_modules\next\dist\esm\next-devtools\shared\types.js'
npm warn tar TAR_ENTRY_ERROR ENOENT: no such file or directory, open 'D:\self-blog\node_modules\next\dist\esm\server\app-render\types.js'
npm warn tar TAR_ENTRY_ERROR ENOENT: no such file or directory, lstat 'D:\self-blog\node_modules\next\dist'
npm warn tar TAR_ENTRY_ERROR ENOENT: no such file or directory, open 'D:\self-blog\node_modules\next\dist\esm\server\lib\cache-handlers\types.js'
npm warn tar TAR_ENTRY_ERROR ENOENT: no such file or directory, open 'D:\self-blog\node_modules\next\dist\esm\server\lib\router-utils\types.js'
npm warn tar TAR_ENTRY_ERROR ENOENT: no such file or directory, open 'D:\self-blog\node_modules\next\dist\esm\server\lib\types.js'
npm warn tar TAR_ENTRY_ERROR ENOENT: no such file or directory, open 'D:\self-blog\node_modules\next\dist\esm\server\response-cache\types.js'
npm warn tar TAR_ENTRY_ERROR ENOENT: no such file or directory, open 'D:\self-blog\node_modules\next\dist\esm\server\web\types.js'
npm warn tar TAR_ENTRY_ERROR ENOENT: no such file or directory, open 'D:\self-blog\node_modules\next\dist\esm\shared\lib\lazy-dynamic\types.js'
npm warn tar TAR_ENTRY_ERROR ENOENT: no such file or directory, open 'D:\self-blog\node_modules\next\dist\experimental\testmode\proxy\types.js'
npm warn tar TAR_ENTRY_ERROR ENOENT: no such file or directory, open 'D:\self-blog\node_modules\next\dist\export\routes\types.js'
npm warn tar TAR_ENTRY_ERROR ENOENT: no such file or directory, open 'D:\self-blog\node_modules\next\dist\export\types.js'
npm warn tar TAR_ENTRY_ERROR ENOENT: no such file or directory, open 'D:\self-blog\node_modules\next\dist\next-devtools\shared\types.js'
npm warn tar TAR_ENTRY_ERROR ENOENT: no such file or directory, open 'D:\self-blog\node_modules\next\dist\server\app-render\types.js'
npm warn tar TAR_ENTRY_ERROR ENOENT: no such file or directory, lstat 'D:\self-blog\node_modules\next\dist'
npm warn tar TAR_ENTRY_ERROR ENOENT: no such file or directory, open 'D:\self-blog\node_modules\next\dist\server\lib\cache-handlers\types.js'
npm warn tar TAR_ENTRY_ERROR ENOENT: no such file or directory, open 'D:\self-blog\node_modules\next\dist\server\lib\router-utils\types.js'
npm warn tar TAR_ENTRY_ERROR ENOENT: no such file or directory, open 'D:\self-blog\node_modules\next\dist\server\lib\types.js'
npm warn tar TAR_ENTRY_ERROR ENOENT: no such file or directory, open 'D:\self-blog\node_modules\next\dist\server\response-cache\types.js'
npm warn tar TAR_ENTRY_ERROR ENOENT: no such file or directory, open 'D:\self-blog\node_modules\next\dist\server\web\types.js'
npm warn tar TAR_ENTRY_ERROR ENOENT: no such file or directory, open 'D:\self-blog\node_modules\next\dist\shared\lib\lazy-dynamic\types.js'
npm warn tar TAR_ENTRY_ERROR ENOENT: no such file or directory, open 'D:\self-blog\node_modules\next\dist\trace\report\types.js'
npm warn tar TAR_ENTRY_ERROR ENOENT: no such file or directory, open 'D:\self-blog\node_modules\next\dist\trace\types.js'
npm warn tar TAR_ENTRY_ERROR ENOENT: no such file or directory, open 'D:\self-blog\node_modules\next\types.js'
npm warn tar TAR_ENTRY_ERROR ENOENT: no such file or directory, lstat 'D:\self-blog\node_modules\next\dist'
npm warn tar TAR_ENTRY_ERROR ENOENT: no such file or directory, open 'D:\self-blog\node_modules\next\dist\esm\server\stream-utils\uint8array-helpers.js'
npm warn tar TAR_ENTRY_ERROR ENOENT: no such file or directory, open 'D:\self-blog\node_modules\next\dist\server\stream-utils\uint8array-helpers.js'
npm warn tar TAR_ENTRY_ERROR ENOENT: no such file or directory, open 'D:\self-blog\node_modules\next\dist\client\components\builtin\unauthorized.js'
npm warn tar TAR_ENTRY_ERROR ENOENT: no such file or directory, open 'D:\self-blog\node_modules\next\dist\client\components\unauthorized.js'
npm warn tar TAR_ENTRY_ERROR ENOENT: no such file or directory, open 'D:\self-blog\node_modules\next\dist\esm\client\components\builtin\unauthorized.js'
npm warn tar TAR_ENTRY_ERROR ENOENT: no such file or directory, open 'D:\self-blog\node_modules\next\dist\esm\client\components\unauthorized.js'
npm warn tar TAR_ENTRY_ERROR ENOENT: no such file or directory, open 'D:\self-blog\node_modules\next\dist\esm\server\normalizers\underscore-normalizer.js'
npm warn tar TAR_ENTRY_ERROR ENOENT: no such file or directory, open 'D:\self-blog\node_modules\next\dist\server\normalizers\underscore-normalizer.js'
npm warn tar TAR_ENTRY_ERROR ENOENT: no such file or directory, lstat 'D:\self-blog\node_modules\next\dist'
npm warn tar TAR_ENTRY_ERROR ENOENT: no such file or directory, open 'D:\self-blog\node_modules\next\dist\client\components\unrecognized-action-error.js'
npm warn tar TAR_ENTRY_ERROR ENOENT: no such file or directory, open 'D:\self-blog\node_modules\next\dist\esm\client\components\unrecognized-action-error.js'
npm warn tar TAR_ENTRY_ERROR ENOENT: no such file or directory, open 'D:\self-blog\node_modules\next\dist\client\components\unresolved-thenable.js'
npm warn tar TAR_ENTRY_ERROR ENOENT: no such file or directory, open 'D:\self-blog\node_modules\next\dist\esm\client\components\unresolved-thenable.js'
npm warn tar TAR_ENTRY_ERROR ENOENT: no such file or directory, open 'D:\self-blog\node_modules\next\dist\compiled\scheduler-experimental\unstable_mock.js'
npm warn tar TAR_ENTRY_ERROR ENOENT: no such file or directory, open 'D:\self-blog\node_modules\next\dist\compiled\scheduler\unstable_mock.js'
npm warn tar TAR_ENTRY_ERROR ENOENT: no such file or directory, open 'D:\self-blog\node_modules\next\dist\compiled\scheduler-experimental\unstable_post_task.js'
npm warn tar TAR_ENTRY_ERROR ENOENT: no such file or directory, open 'D:\self-blog\node_modules\next\dist\compiled\scheduler\unstable_post_task.js'
npm warn tar TAR_ENTRY_ERROR ENOENT: no such file or directory, open 'D:\self-blog\node_modules\next\dist\compiled\react-dom-experimental\unstable_testing.react-server.js'
npm warn tar TAR_ENTRY_ERROR ENOENT: no such file or directory, open 'D:\self-blog\node_modules\next\dist\esm\server\web\spec-extension\unstable-cache.js'
npm warn tar TAR_ENTRY_ERROR ENOENT: no such file or directory, open 'D:\self-blog\node_modules\next\dist\server\web\spec-extension\unstable-cache.js'
npm warn tar TAR_ENTRY_ERROR ENOENT: no such file or directory, open 'D:\self-blog\node_modules\next\dist\esm\server\web\spec-extension\unstable-no-store.js'
npm warn tar TAR_ENTRY_ERROR ENOENT: no such file or directory, open 'D:\self-blog\node_modules\next\dist\server\web\spec-extension\unstable-no-store.js'
npm warn tar TAR_ENTRY_ERROR ENOENT: no such file or directory, open 'D:\self-blog\node_modules\next\dist\client\components\unstable-rethrow.browser.js'
npm warn tar TAR_ENTRY_ERROR ENOENT: no such file or directory, open 'D:\self-blog\node_modules\next\dist\esm\client\components\unstable-rethrow.browser.js'
npm warn tar TAR_ENTRY_ERROR ENOENT: no such file or directory, open 'D:\self-blog\node_modules\next\dist\client\components\unstable-rethrow.js'
npm warn tar TAR_ENTRY_ERROR ENOENT: no such file or directory, open 'D:\self-blog\node_modules\next\dist\esm\client\components\unstable-rethrow.js'
npm warn tar TAR_ENTRY_ERROR ENOENT: no such file or directory, open 'D:\self-blog\node_modules\next\dist\client\components\unstable-rethrow.server.js'
npm warn tar TAR_ENTRY_ERROR ENOENT: no such file or directory, open 'D:\self-blog\node_modules\next\dist\esm\client\components\unstable-rethrow.server.js'
npm warn tar TAR_ENTRY_ERROR ENOENT: no such file or directory, open 'D:\self-blog\node_modules\next\dist\compiled\@babel\runtime\helpers\esm\unsupportedIterableToArray.js'
npm warn tar TAR_ENTRY_ERROR ENOENT: no such file or directory, open 'D:\self-blog\node_modules\next\dist\compiled\@babel\runtime\helpers\unsupportedIterableToArray.js'
npm warn tar TAR_ENTRY_ERROR ENOENT: no such file or directory, lstat 'D:\self-blog\node_modules\next\dist'
npm warn tar TAR_ENTRY_ERROR ENOENT: no such file or directory, lstat 'D:\self-blog\node_modules\next\dist'
npm warn tar TAR_ENTRY_ERROR ENOENT: no such file or directory, open 'D:\self-blog\node_modules\next\dist\trace\upload-trace.js'
npm warn tar TAR_ENTRY_ERROR ENOENT: no such file or directory, open 'D:\self-blog\node_modules\next\dist\esm\server\web\spec-extension\url-pattern.js'
npm warn tar TAR_ENTRY_ERROR ENOENT: no such file or directory, open 'D:\self-blog\node_modules\next\dist\server\web\spec-extension\url-pattern.js'
npm warn tar TAR_ENTRY_ERROR ENOENT: no such file or directory, open 'D:\self-blog\node_modules\next\dist\esm\lib\url.js'
npm warn tar TAR_ENTRY_ERROR ENOENT: no such file or directory, open 'D:\self-blog\node_modules\next\dist\lib\url.js'
npm warn tar TAR_ENTRY_ERROR ENOENT: no such file or directory, open 'D:\self-blog\node_modules\next\dist\compiled\@edge-runtime\primitives\url.js.text.js'
npm warn tar TAR_ENTRY_ERROR ENOENT: no such file or directory, open 'D:\self-blog\node_modules\next\dist\client\components\use-action-queue.js'
npm warn tar TAR_ENTRY_ERROR ENOENT: no such file or directory, open 'D:\self-blog\node_modules\next\dist\esm\client\components\use-action-queue.js'
npm warn tar TAR_ENTRY_ERROR ENOENT: no such file or directory, lstat 'D:\self-blog\node_modules\next\dist'
npm warn tar TAR_ENTRY_ERROR ENOENT: no such file or directory, lstat 'D:\self-blog\node_modules\next\dist'
npm warn tar TAR_ENTRY_ERROR ENOENT: no such file or directory, open 'D:\self-blog\node_modules\next\dist\esm\server\use-cache\use-cache-errors.js'
npm warn tar TAR_ENTRY_ERROR ENOENT: no such file or directory, open 'D:\self-blog\node_modules\next\dist\server\use-cache\use-cache-errors.js'
npm warn tar TAR_ENTRY_ERROR ENOENT: no such file or directory, lstat 'D:\self-blog\node_modules\next\dist'
npm warn tar TAR_ENTRY_ERROR ENOENT: no such file or directory, lstat 'D:\self-blog\node_modules\next\dist'
npm warn tar TAR_ENTRY_ERROR ENOENT: no such file or directory, open 'D:\self-blog\node_modules\next\dist\esm\server\use-cache\use-cache-wrapper.js'
npm warn tar TAR_ENTRY_ERROR ENOENT: no such file or directory, open 'D:\self-blog\node_modules\next\dist\server\use-cache\use-cache-wrapper.js'
npm warn tar TAR_ENTRY_ERROR ENOENT: no such file or directory, open 'D:\self-blog\node_modules\next\dist\client\use-client-disallowed.js'
npm warn tar TAR_ENTRY_ERROR ENOENT: no such file or directory, open 'D:\self-blog\node_modules\next\dist\esm\client\use-client-disallowed.js'
npm warn tar TAR_ENTRY_ERROR ENOENT: no such file or directory, open 'D:\self-blog\node_modules\next\dist\esm\next-devtools\userspace\app\errors\use-error-handler.js'
npm warn tar TAR_ENTRY_ERROR ENOENT: no such file or directory, open 'D:\self-blog\node_modules\next\dist\next-devtools\userspace\app\errors\use-error-handler.js'
npm warn tar TAR_ENTRY_ERROR ENOENT: no such file or directory, open 'D:\self-blog\node_modules\next\dist\esm\server\app-render\use-flight-response.js'
npm warn tar TAR_ENTRY_ERROR ENOENT: no such file or directory, open 'D:\self-blog\node_modules\next\dist\server\app-render\use-flight-response.js'
npm warn tar TAR_ENTRY_ERROR ENOENT: no such file or directory, open 'D:\self-blog\node_modules\next\dist\esm\next-devtools\userspace\app\errors\use-forward-console-log.js'
npm warn tar TAR_ENTRY_ERROR ENOENT: no such file or directory, open 'D:\self-blog\node_modules\next\dist\next-devtools\userspace\app\errors\use-forward-console-log.js'
npm warn tar TAR_ENTRY_ERROR ENOENT: no such file or directory, open 'D:\self-blog\node_modules\next\dist\client\use-intersection.js'
npm warn tar TAR_ENTRY_ERROR ENOENT: no such file or directory, open 'D:\self-blog\node_modules\next\dist\esm\client\use-intersection.js'
npm warn tar TAR_ENTRY_ERROR ENOENT: no such file or directory, open 'D:\self-blog\node_modules\next\dist\client\use-merged-ref.js'
npm warn tar TAR_ENTRY_ERROR ENOENT: no such file or directory, open 'D:\self-blog\node_modules\next\dist\esm\client\use-merged-ref.js'
npm warn tar TAR_ENTRY_ERROR ENOENT: no such file or directory, open 'D:\self-blog\node_modules\next\dist\client\dev\hot-reloader\app\use-websocket.js'
npm warn tar TAR_ENTRY_ERROR ENOENT: no such file or directory, open 'D:\self-blog\node_modules\next\dist\esm\client\dev\hot-reloader\app\use-websocket.js'
npm warn tar TAR_ENTRY_ERROR ENOENT: no such file or directory, open 'D:\self-blog\node_modules\next\dist\esm\server\web\spec-extension\user-agent.js'
npm warn tar TAR_ENTRY_ERROR ENOENT: no such file or directory, open 'D:\self-blog\node_modules\next\dist\server\web\spec-extension\user-agent.js'
npm warn tar TAR_ENTRY_ERROR ENOENT: no such file or directory, open 'D:\self-blog\node_modules\next\dist\compiled\@babel\runtime\helpers\esm\using.js'
npm warn tar TAR_ENTRY_ERROR ENOENT: no such file or directory, open 'D:\self-blog\node_modules\next\dist\compiled\@babel\runtime\helpers\using.js'
npm warn tar TAR_ENTRY_ERROR ENOENT: no such file or directory, open 'D:\self-blog\node_modules\next\dist\compiled\@babel\runtime\helpers\esm\usingCtx.js'
npm warn tar TAR_ENTRY_ERROR ENOENT: no such file or directory, open 'D:\self-blog\node_modules\next\dist\compiled\@babel\runtime\helpers\usingCtx.js'
npm warn tar TAR_ENTRY_ERROR ENOENT: no such file or directory, open 'D:\self-blog\node_modules\next\dist\build\babel\loader\util.js'
npm warn tar TAR_ENTRY_ERROR ENOENT: no such file or directory, open 'D:\self-blog\node_modules\next\dist\compiled\util\util.js'
npm warn tar TAR_ENTRY_ERROR ENOENT: no such file or directory, open 'D:\self-blog\node_modules\next\dist\esm\build\babel\loader\util.js'
npm warn tar TAR_ENTRY_ERROR ENOENT: no such file or directory, open 'D:\self-blog\node_modules\next\dist\build\static-paths\utils.js'
npm warn tar TAR_ENTRY_ERROR ENOENT: no such file or directory, open 'D:\self-blog\node_modules\next\dist\build\utils.js'
npm warn tar TAR_ENTRY_ERROR ENOENT: no such file or directory, open 'D:\self-blog\node_modules\next\dist\build\webpack\config\utils.js'
npm warn tar TAR_ENTRY_ERROR ENOENT: no such file or directory, open 'D:\self-blog\node_modules\next\dist\build\webpack\loaders\css-loader\src\utils.js'
npm warn tar TAR_ENTRY_ERROR ENOENT: no such file or directory, open 'D:\self-blog\node_modules\next\dist\build\webpack\loaders\lightningcss-loader\src\utils.js'
npm warn tar TAR_ENTRY_ERROR ENOENT: no such file or directory, open 'D:\self-blog\node_modules\next\dist\build\webpack\loaders\postcss-loader\src\utils.js'
npm warn tar TAR_ENTRY_ERROR ENOENT: no such file or directory, open 'D:\self-blog\node_modules\next\dist\build\webpack\loaders\utils.js'
npm warn tar TAR_ENTRY_ERROR ENOENT: no such file or directory, open 'D:\self-blog\node_modules\next\dist\build\webpack\utils.js'
npm warn tar TAR_ENTRY_ERROR ENOENT: no such file or directory, open 'D:\self-blog\node_modules\next\dist\esm\build\static-paths\utils.js'
npm warn tar TAR_ENTRY_ERROR ENOENT: no such file or directory, open 'D:\self-blog\node_modules\next\dist\esm\build\utils.js'
npm warn tar TAR_ENTRY_ERROR ENOENT: no such file or directory, open 'D:\self-blog\node_modules\next\dist\esm\build\webpack\config\utils.js'
npm warn tar TAR_ENTRY_ERROR ENOENT: no such file or directory, open 'D:\self-blog\node_modules\next\dist\esm\build\webpack\loaders\css-loader\src\utils.js'
npm warn tar TAR_ENTRY_ERROR ENOENT: no such file or directory, open 'D:\self-blog\node_modules\next\dist\esm\build\webpack\loaders\lightningcss-loader\src\utils.js'
npm warn tar TAR_ENTRY_ERROR ENOENT: no such file or directory, open 'D:\self-blog\node_modules\next\dist\esm\build\webpack\loaders\postcss-loader\src\utils.js'
npm warn tar TAR_ENTRY_ERROR ENOENT: no such file or directory, open 'D:\self-blog\node_modules\next\dist\esm\build\webpack\loaders\utils.js'
npm warn tar TAR_ENTRY_ERROR ENOENT: no such file or directory, open 'D:\self-blog\node_modules\next\dist\esm\build\webpack\utils.js'
npm warn tar TAR_ENTRY_ERROR ENOENT: no such file or directory, open 'D:\self-blog\node_modules\next\dist\esm\export\utils.js'
npm warn tar TAR_ENTRY_ERROR ENOENT: no such file or directory, open 'D:\self-blog\node_modules\next\dist\esm\lib\metadata\generate\utils.js'
npm warn tar TAR_ENTRY_ERROR ENOENT: no such file or directory, lstat 'D:\self-blog\node_modules\next\dist'
npm warn tar TAR_ENTRY_ERROR ENOENT: no such file or directory, lstat 'D:\self-blog\node_modules\next\dist'
npm warn tar TAR_ENTRY_ERROR ENOENT: no such file or directory, open 'D:\self-blog\node_modules\next\dist\esm\server\lib\trace\utils.js'
npm warn tar TAR_ENTRY_ERROR ENOENT: no such file or directory, open 'D:\self-blog\node_modules\next\dist\esm\server\lib\utils.js'
npm warn tar TAR_ENTRY_ERROR ENOENT: no such file or directory, open 'D:\self-blog\node_modules\next\dist\esm\server\node-environment-extensions\utils.js'
npm warn tar TAR_ENTRY_ERROR ENOENT: no such file or directory, open 'D:\self-blog\node_modules\next\dist\esm\server\request\utils.js'
npm warn tar TAR_ENTRY_ERROR ENOENT: no such file or directory, open 'D:\self-blog\node_modules\next\dist\esm\server\response-cache\utils.js'
npm warn tar TAR_ENTRY_ERROR ENOENT: no such file or directory, open 'D:\self-blog\node_modules\next\dist\esm\server\typescript\utils.js'
npm warn tar TAR_ENTRY_ERROR ENOENT: no such file or directory, open 'D:\self-blog\node_modules\next\dist\esm\server\utils.js'
npm warn tar TAR_ENTRY_ERROR ENOENT: no such file or directory, open 'D:\self-blog\node_modules\next\dist\esm\server\web\utils.js'
npm warn tar TAR_ENTRY_ERROR ENOENT: no such file or directory, open 'D:\self-blog\node_modules\next\dist\esm\shared\lib\turbopack\utils.js'
npm warn tar TAR_ENTRY_ERROR ENOENT: no such file or directory, open 'D:\self-blog\node_modules\next\dist\esm\shared\lib\utils.js'
npm warn tar TAR_ENTRY_ERROR ENOENT: no such file or directory, open 'D:\self-blog\node_modules\next\dist\experimental\testing\server\utils.js'
npm warn tar TAR_ENTRY_ERROR ENOENT: no such file or directory, open 'D:\self-blog\node_modules\next\dist\export\utils.js'
npm warn tar TAR_ENTRY_ERROR ENOENT: no such file or directory, open 'D:\self-blog\node_modules\next\dist\lib\metadata\generate\utils.js'
npm warn tar TAR_ENTRY_ERROR ENOENT: no such file or directory, lstat 'D:\self-blog\node_modules\next\dist'
npm warn tar TAR_ENTRY_ERROR ENOENT: no such file or directory, lstat 'D:\self-blog\node_modules\next\dist'
npm warn tar TAR_ENTRY_ERROR ENOENT: no such file or directory, open 'D:\self-blog\node_modules\next\dist\server\lib\trace\utils.js'
npm warn tar TAR_ENTRY_ERROR ENOENT: no such file or directory, open 'D:\self-blog\node_modules\next\dist\server\lib\utils.js'
npm warn tar TAR_ENTRY_ERROR ENOENT: no such file or directory, open 'D:\self-blog\node_modules\next\dist\server\node-environment-extensions\utils.js'
npm warn tar TAR_ENTRY_ERROR ENOENT: no such file or directory, open 'D:\self-blog\node_modules\next\dist\server\request\utils.js'
npm warn tar TAR_ENTRY_ERROR ENOENT: no such file or directory, open 'D:\self-blog\node_modules\next\dist\server\response-cache\utils.js'
npm warn tar TAR_ENTRY_ERROR ENOENT: no such file or directory, open 'D:\self-blog\node_modules\next\dist\server\typescript\utils.js'
npm warn tar TAR_ENTRY_ERROR ENOENT: no such file or directory, open 'D:\self-blog\node_modules\next\dist\server\utils.js'
npm warn tar TAR_ENTRY_ERROR ENOENT: no such file or directory, open 'D:\self-blog\node_modules\next\dist\server\web\utils.js'
npm warn tar TAR_ENTRY_ERROR ENOENT: no such file or directory, open 'D:\self-blog\node_modules\next\dist\shared\lib\turbopack\utils.js'
npm warn tar TAR_ENTRY_ERROR ENOENT: no such file or directory, open 'D:\self-blog\node_modules\next\dist\shared\lib\utils.js'
npm warn tar TAR_ENTRY_ERROR ENOENT: no such file or directory, open 'D:\self-blog\node_modules\next\dist\compiled\@next\font\dist\google\validate-google-font-function-call.js'
npm warn tar TAR_ENTRY_ERROR ENOENT: no such file or directory, open 'D:\self-blog\node_modules\next\dist\compiled\@next\font\dist\local\validate-local-font-function-call.js'
npm warn tar TAR_ENTRY_ERROR ENOENT: no such file or directory, open 'D:\self-blog\node_modules\next\dist\compiled\amphtml-validator\validator_wasm.js'
npm warn tar TAR_ENTRY_ERROR ENOENT: no such file or directory, open 'D:\self-blog\node_modules\next\dist\build\webpack\loaders\resolve-url-loader\lib\value-processor.js'
npm warn tar TAR_ENTRY_ERROR ENOENT: no such file or directory, open 'D:\self-blog\node_modules\next\dist\esm\build\webpack\loaders\resolve-url-loader\lib\value-processor.js'
npm warn tar TAR_ENTRY_ERROR ENOENT: no such file or directory, open 'D:\self-blog\node_modules\next\dist\esm\lib\verify-partytown-setup.js'
npm warn tar TAR_ENTRY_ERROR ENOENT: no such file or directory, open 'D:\self-blog\node_modules\next\dist\lib\verify-partytown-setup.js'
npm warn tar TAR_ENTRY_ERROR ENOENT: no such file or directory, open 'D:\self-blog\node_modules\next\dist\esm\lib\verify-root-layout.js'
npm warn tar TAR_ENTRY_ERROR ENOENT: no such file or directory, open 'D:\self-blog\node_modules\next\dist\lib\verify-root-layout.js'
npm warn tar TAR_ENTRY_ERROR ENOENT: no such file or directory, open 'D:\self-blog\node_modules\next\dist\esm\lib\verify-typescript-setup.js'
npm warn tar TAR_ENTRY_ERROR ENOENT: no such file or directory, open 'D:\self-blog\node_modules\next\dist\lib\verify-typescript-setup.js'
npm warn tar TAR_ENTRY_ERROR ENOENT: no such file or directory, open 'D:\self-blog\node_modules\next\dist\esm\lib\verifyAndLint.js'
npm warn tar TAR_ENTRY_ERROR ENOENT: no such file or directory, open 'D:\self-blog\node_modules\next\dist\lib\verifyAndLint.js'
npm warn tar TAR_ENTRY_ERROR ENOENT: no such file or directory, open 'D:\self-blog\node_modules\next\dist\esm\next-devtools\shared\version-staleness.js'
npm warn tar TAR_ENTRY_ERROR ENOENT: no such file or directory, open 'D:\self-blog\node_modules\next\dist\next-devtools\shared\version-staleness.js'
npm warn tar TAR_ENTRY_ERROR ENOENT: no such file or directory, open 'D:\self-blog\node_modules\next\dist\telemetry\events\version.js'
npm warn tar TAR_ENTRY_ERROR ENOENT: no such file or directory, open 'D:\self-blog\node_modules\next\dist\esm\lib\wait.js'
npm warn tar TAR_ENTRY_ERROR ENOENT: no such file or directory, open 'D:\self-blog\node_modules\next\dist\lib\wait.js'
npm warn tar TAR_ENTRY_ERROR ENOENT: no such file or directory, open 'D:\self-blog\node_modules\next\dist\esm\server\app-render\walk-tree-with-flight-router-state.js'
npm warn tar TAR_ENTRY_ERROR ENOENT: no such file or directory, open 'D:\self-blog\node_modules\next\dist\server\app-render\walk-tree-with-flight-router-state.js'
npm warn tar TAR_ENTRY_ERROR ENOENT: no such file or directory, open 'D:\self-blog\node_modules\next\dist\esm\shared\lib\utils\warn-once.js'
npm warn tar TAR_ENTRY_ERROR ENOENT: no such file or directory, open 'D:\self-blog\node_modules\next\dist\shared\lib\utils\warn-once.js'
npm warn tar TAR_ENTRY_ERROR ENOENT: no such file or directory, open 'D:\self-blog\node_modules\next\dist\build\webpack\loaders\postcss-loader\src\Warning.js'
npm warn tar TAR_ENTRY_ERROR ENOENT: no such file or directory, open 'D:\self-blog\node_modules\next\dist\esm\build\webpack\loaders\postcss-loader\src\Warning.js'
npm warn tar TAR_ENTRY_ERROR ENOENT: no such file or directory, open 'D:\self-blog\node_modules\next\dist\compiled\watchpack\watchpack.js'
npm warn tar TAR_ENTRY_ERROR ENOENT: no such file or directory, open 'D:\self-blog\node_modules\next\dist\esm\server\node-environment-extensions\web-crypto.js'
npm warn tar TAR_ENTRY_ERROR ENOENT: no such file or directory, open 'D:\self-blog\node_modules\next\dist\server\node-environment-extensions\web-crypto.js'
npm warn tar TAR_ENTRY_ERROR ENOENT: no such file or directory, open 'D:\self-blog\node_modules\next\dist\esm\server\web\web-on-close.js'
npm warn tar TAR_ENTRY_ERROR ENOENT: no such file or directory, open 'D:\self-blog\node_modules\next\dist\server\web\web-on-close.js'
npm warn tar TAR_ENTRY_ERROR ENOENT: no such file or directory, open 'D:\self-blog\node_modules\next\dist\compiled\web-vitals-attribution\web-vitals.attribution.js'
npm warn tar TAR_ENTRY_ERROR ENOENT: no such file or directory, open 'D:\self-blog\node_modules\next\dist\client\web-vitals.js'
npm warn tar TAR_ENTRY_ERROR ENOENT: no such file or directory, open 'D:\self-blog\node_modules\next\dist\compiled\web-vitals\web-vitals.js'
npm warn tar TAR_ENTRY_ERROR ENOENT: no such file or directory, open 'D:\self-blog\node_modules\next\dist\esm\client\web-vitals.js'
npm warn tar TAR_ENTRY_ERROR ENOENT: no such file or directory, open 'D:\self-blog\node_modules\next\web-vitals.js'
npm warn tar TAR_ENTRY_ERROR ENOENT: no such file or directory, open 'D:\self-blog\node_modules\next\dist\esm\server\api-utils\web.js'
npm warn tar TAR_ENTRY_ERROR ENOENT: no such file or directory, open 'D:\self-blog\node_modules\next\dist\esm\server\base-http\web.js'
npm warn tar TAR_ENTRY_ERROR ENOENT: no such file or directory, open 'D:\self-blog\node_modules\next\dist\esm\server\response-cache\web.js'
npm warn tar TAR_ENTRY_ERROR ENOENT: no such file or directory, open 'D:\self-blog\node_modules\next\dist\server\api-utils\web.js'
npm warn tar TAR_ENTRY_ERROR ENOENT: no such file or directory, open 'D:\self-blog\node_modules\next\dist\server\base-http\web.js'
npm warn tar TAR_ENTRY_ERROR ENOENT: no such file or directory, open 'D:\self-blog\node_modules\next\dist\server\response-cache\web.js'
npm warn tar TAR_ENTRY_ERROR ENOENT: no such file or directory, open 'D:\self-blog\node_modules\next\dist\build\webpack-config.js'
npm warn tar TAR_ENTRY_ERROR ENOENT: no such file or directory, open 'D:\self-blog\node_modules\next\dist\esm\build\webpack-config.js'
npm warn tar TAR_ENTRY_ERROR ENOENT: no such file or directory, open 'D:\self-blog\node_modules\next\dist\compiled\webpack\webpack-lib.js'
npm warn tar TAR_ENTRY_ERROR ENOENT: no such file or directory, open 'D:\self-blog\node_modules\next\dist\esm\next-devtools\shared\webpack-module-path.js'
npm warn tar TAR_ENTRY_ERROR ENOENT: no such file or directory, open 'D:\self-blog\node_modules\next\dist\next-devtools\shared\webpack-module-path.js'
npm warn tar TAR_ENTRY_ERROR ENOENT: no such file or directory, open 'D:\self-blog\node_modules\next\dist\client\webpack.js'
npm warn tar TAR_ENTRY_ERROR ENOENT: no such file or directory, open 'D:\self-blog\node_modules\next\dist\compiled\webpack\webpack.js'
npm warn tar TAR_ENTRY_ERROR ENOENT: no such file or directory, open 'D:\self-blog\node_modules\next\dist\esm\client\webpack.js'
npm warn tar TAR_ENTRY_ERROR ENOENT: no such file or directory, open 'D:\self-blog\node_modules\next\dist\build\webpack\plugins\wellknown-errors-plugin\webpackModuleError.js'
npm warn tar TAR_ENTRY_ERROR ENOENT: no such file or directory, open 'D:\self-blog\node_modules\next\dist\esm\build\webpack\plugins\wellknown-errors-plugin\webpackModuleError.js'
npm warn tar TAR_ENTRY_ERROR ENOENT: no such file or directory, lstat 'D:\self-blog\node_modules\next\dist'
npm warn tar TAR_ENTRY_ERROR ENOENT: no such file or directory, open 'D:\self-blog\node_modules\next\dist\client\dev\hot-reloader\pages\websocket.js'
npm warn tar TAR_ENTRY_ERROR ENOENT: no such file or directory, lstat 'D:\self-blog\node_modules\next\dist'
npm warn tar TAR_ENTRY_ERROR ENOENT: no such file or directory, open 'D:\self-blog\node_modules\next\dist\esm\client\dev\hot-reloader\pages\websocket.js'
npm warn tar TAR_ENTRY_ERROR ENOENT: no such file or directory, open 'D:\self-blog\node_modules\next\dist\compiled\webpack\WebWorkerTemplatePlugin.js'
npm warn tar TAR_ENTRY_ERROR ENOENT: no such file or directory, open 'D:\self-blog\node_modules\next\dist\build\polyfills\fetch\whatwg-fetch.js'
npm warn tar TAR_ENTRY_ERROR ENOENT: no such file or directory, open 'D:\self-blog\node_modules\next\dist\esm\build\polyfills\fetch\whatwg-fetch.js'
npm warn tar TAR_ENTRY_ERROR ENOENT: no such file or directory, open 'D:\self-blog\node_modules\next\dist\esm\lib\with-promise-cache.js'
npm warn tar TAR_ENTRY_ERROR ENOENT: no such file or directory, open 'D:\self-blog\node_modules\next\dist\lib\with-promise-cache.js'
npm warn tar TAR_ENTRY_ERROR ENOENT: no such file or directory, open 'D:\self-blog\node_modules\next\dist\client\with-router.js'
npm warn tar TAR_ENTRY_ERROR ENOENT: no such file or directory, open 'D:\self-blog\node_modules\next\dist\esm\client\with-router.js'
npm warn tar TAR_ENTRY_ERROR ENOENT: no such file or directory, open 'D:\self-blog\node_modules\next\dist\esm\server\async-storage\with-store.js'
npm warn tar TAR_ENTRY_ERROR ENOENT: no such file or directory, open 'D:\self-blog\node_modules\next\dist\server\async-storage\with-store.js'
npm warn tar TAR_ENTRY_ERROR ENOENT: no such file or directory, open 'D:\self-blog\node_modules\next\dist\esm\server\app-render\work-async-storage-instance.js'
npm warn tar TAR_ENTRY_ERROR ENOENT: no such file or directory, open 'D:\self-blog\node_modules\next\dist\server\app-render\work-async-storage-instance.js'
npm warn tar TAR_ENTRY_ERROR ENOENT: no such file or directory, open 'D:\self-blog\node_modules\next\dist\esm\server\app-render\work-async-storage.external.js'
npm warn tar TAR_ENTRY_ERROR ENOENT: no such file or directory, open 'D:\self-blog\node_modules\next\dist\server\app-render\work-async-storage.external.js'
npm warn tar TAR_ENTRY_ERROR ENOENT: no such file or directory, open 'D:\self-blog\node_modules\next\dist\esm\server\async-storage\work-store.js'
npm warn tar TAR_ENTRY_ERROR ENOENT: no such file or directory, open 'D:\self-blog\node_modules\next\dist\server\async-storage\work-store.js'
npm warn tar TAR_ENTRY_ERROR ENOENT: no such file or directory, open 'D:\self-blog\node_modules\next\dist\esm\server\app-render\work-unit-async-storage-instance.js'
npm warn tar TAR_ENTRY_ERROR ENOENT: no such file or directory, open 'D:\self-blog\node_modules\next\dist\server\app-render\work-unit-async-storage-instance.js'
npm warn tar TAR_ENTRY_ERROR ENOENT: no such file or directory, open 'D:\self-blog\node_modules\next\dist\esm\server\app-render\work-unit-async-storage.external.js'
npm warn tar TAR_ENTRY_ERROR ENOENT: no such file or directory, open 'D:\self-blog\node_modules\next\dist\server\app-render\work-unit-async-storage.external.js'
npm warn tar TAR_ENTRY_ERROR ENOENT: no such file or directory, open 'D:\self-blog\node_modules\next\dist\esm\server\lib\worker-utils.js'
npm warn tar TAR_ENTRY_ERROR ENOENT: no such file or directory, open 'D:\self-blog\node_modules\next\dist\server\lib\worker-utils.js'
npm warn tar TAR_ENTRY_ERROR ENOENT: no such file or directory, open 'D:\self-blog\node_modules\next\dist\build\worker.js'
npm warn tar TAR_ENTRY_ERROR ENOENT: no such file or directory, open 'D:\self-blog\node_modules\next\dist\esm\build\worker.js'
npm warn tar TAR_ENTRY_ERROR ENOENT: no such file or directory, open 'D:\self-blog\node_modules\next\dist\esm\export\worker.js'
npm warn tar TAR_ENTRY_ERROR ENOENT: no such file or directory, open 'D:\self-blog\node_modules\next\dist\esm\lib\worker.js'
npm warn tar TAR_ENTRY_ERROR ENOENT: no such file or directory, open 'D:\self-blog\node_modules\next\dist\export\worker.js'
npm warn tar TAR_ENTRY_ERROR ENOENT: no such file or directory, open 'D:\self-blog\node_modules\next\dist\lib\worker.js'
npm warn tar TAR_ENTRY_ERROR ENOENT: no such file or directory, open 'D:\self-blog\node_modules\next\dist\esm\server\normalizers\wrap-normalizer-fn.js'
npm warn tar TAR_ENTRY_ERROR ENOENT: no such file or directory, open 'D:\self-blog\node_modules\next\dist\server\normalizers\wrap-normalizer-fn.js'
npm warn tar TAR_ENTRY_ERROR ENOENT: no such file or directory, open 'D:\self-blog\node_modules\next\dist\compiled\@babel\runtime\helpers\esm\wrapAsyncGenerator.js'
npm warn tar TAR_ENTRY_ERROR ENOENT: no such file or directory, open 'D:\self-blog\node_modules\next\dist\compiled\@babel\runtime\helpers\wrapAsyncGenerator.js'
npm warn tar TAR_ENTRY_ERROR ENOENT: no such file or directory, open 'D:\self-blog\node_modules\next\dist\compiled\@babel\runtime\helpers\esm\wrapNativeSuper.js'
npm warn tar TAR_ENTRY_ERROR ENOENT: no such file or directory, open 'D:\self-blog\node_modules\next\dist\compiled\@babel\runtime\helpers\wrapNativeSuper.js'
npm warn tar TAR_ENTRY_ERROR ENOENT: no such file or directory, open 'D:\self-blog\node_modules\next\dist\compiled\@babel\runtime\helpers\esm\wrapRegExp.js'
npm warn tar TAR_ENTRY_ERROR ENOENT: no such file or directory, open 'D:\self-blog\node_modules\next\dist\compiled\@babel\runtime\helpers\wrapRegExp.js'
npm warn tar TAR_ENTRY_ERROR ENOENT: no such file or directory, lstat 'D:\self-blog\node_modules\next\dist'
npm warn tar TAR_ENTRY_ERROR ENOENT: no such file or directory, lstat 'D:\self-blog\node_modules\next\dist'
npm warn tar TAR_ENTRY_ERROR ENOENT: no such file or directory, open 'D:\self-blog\node_modules\next\dist\build\write-build-id.js'
npm warn tar TAR_ENTRY_ERROR ENOENT: no such file or directory, open 'D:\self-blog\node_modules\next\dist\esm\build\write-build-id.js'
npm warn tar TAR_ENTRY_ERROR ENOENT: no such file or directory, open 'D:\self-blog\node_modules\next\dist\esm\lib\typescript\writeAppTypeDeclarations.js'
npm warn tar TAR_ENTRY_ERROR ENOENT: no such file or directory, open 'D:\self-blog\node_modules\next\dist\lib\typescript\writeAppTypeDeclarations.js'
npm warn tar TAR_ENTRY_ERROR ENOENT: no such file or directory, open 'D:\self-blog\node_modules\next\dist\esm\lib\typescript\writeConfigurationDefaults.js'
npm warn tar TAR_ENTRY_ERROR ENOENT: no such file or directory, open 'D:\self-blog\node_modules\next\dist\lib\typescript\writeConfigurationDefaults.js'
npm warn tar TAR_ENTRY_ERROR ENOENT: no such file or directory, open 'D:\self-blog\node_modules\next\dist\esm\lib\eslint\writeDefaultConfig.js'
npm warn tar TAR_ENTRY_ERROR ENOENT: no such file or directory, open 'D:\self-blog\node_modules\next\dist\lib\eslint\writeDefaultConfig.js'
npm warn tar TAR_ENTRY_ERROR ENOENT: no such file or directory, open 'D:\self-blog\node_modules\next\dist\compiled\@babel\runtime\helpers\esm\writeOnlyError.js'
npm warn tar TAR_ENTRY_ERROR ENOENT: no such file or directory, open 'D:\self-blog\node_modules\next\dist\compiled\@babel\runtime\helpers\writeOnlyError.js'
npm warn tar TAR_ENTRY_ERROR ENOENT: no such file or directory, open 'D:\self-blog\node_modules\next\dist\esm\lib\eslint\writeOutputFile.js'
npm warn tar TAR_ENTRY_ERROR ENOENT: no such file or directory, open 'D:\self-blog\node_modules\next\dist\lib\eslint\writeOutputFile.js'
npm warn tar TAR_ENTRY_ERROR ENOENT: no such file or directory, open 'D:\self-blog\node_modules\next\dist\esm\shared\lib\zod.js'
npm warn tar TAR_ENTRY_ERROR ENOENT: no such file or directory, open 'D:\self-blog\node_modules\next\dist\shared\lib\zod.js'
npm warn tar TAR_ENTRY_ERROR ENOENT: no such file or directory, open 'D:\self-blog\node_modules\next\dist\server\capsize-font-metrics.json'
npm warn tar TAR_ENTRY_ERROR ENOENT: no such file or directory, lstat 'D:\self-blog\node_modules\next\dist'
npm warn tar TAR_ENTRY_ERROR ENOENT: no such file or directory, open 'D:\self-blog\node_modules\next\dist\esm\lib\default-transpiled-packages.json'
npm warn tar TAR_ENTRY_ERROR ENOENT: no such file or directory, open 'D:\self-blog\node_modules\next\dist\lib\default-transpiled-packages.json'
npm warn tar TAR_ENTRY_ERROR ENOENT: no such file or directory, open 'D:\self-blog\node_modules\next\dist\compiled\@next\font\dist\google\font-data.json'
npm warn tar TAR_ENTRY_ERROR ENOENT: no such file or directory, open 'D:\self-blog\node_modules\next\dist\esm\lib\known-edge-safe-packages.json'
npm warn tar TAR_ENTRY_ERROR ENOENT: no such file or directory, open 'D:\self-blog\node_modules\next\dist\lib\known-edge-safe-packages.json'
npm warn tar TAR_ENTRY_ERROR ENOENT: no such file or directory, open 'D:\self-blog\node_modules\next\dist\compiled\@ampproject\toolbox-optimizer\package.json'
npm warn tar TAR_ENTRY_ERROR ENOENT: no such file or directory, open 'D:\self-blog\node_modules\next\dist\compiled\@babel\runtime\helpers\esm\package.json'
npm warn tar TAR_ENTRY_ERROR ENOENT: no such file or directory, open 'D:\self-blog\node_modules\next\dist\compiled\@babel\runtime\package.json'
npm warn tar TAR_ENTRY_ERROR ENOENT: no such file or directory, open 'D:\self-blog\node_modules\next\dist\compiled\@edge-runtime\cookies\package.json'
npm warn tar TAR_ENTRY_ERROR ENOENT: no such file or directory, open 'D:\self-blog\node_modules\next\dist\compiled\@edge-runtime\ponyfill\package.json'
npm warn tar TAR_ENTRY_ERROR ENOENT: no such file or directory, open 'D:\self-blog\node_modules\next\dist\compiled\@edge-runtime\primitives\package.json'
npm warn tar TAR_ENTRY_ERROR ENOENT: no such file or directory, open 'D:\self-blog\node_modules\next\dist\compiled\@hapi\accept\package.json'
npm warn tar TAR_ENTRY_ERROR ENOENT: no such file or directory, open 'D:\self-blog\node_modules\next\dist\compiled\@mswjs\interceptors\ClientRequest\package.json'
npm warn tar TAR_ENTRY_ERROR ENOENT: no such file or directory, open 'D:\self-blog\node_modules\next\dist\compiled\@napi-rs\triples\package.json'
npm warn tar TAR_ENTRY_ERROR ENOENT: no such file or directory, lstat 'D:\self-blog\node_modules\next\dist'
npm warn tar TAR_ENTRY_ERROR ENOENT: no such file or directory, open 'D:\self-blog\node_modules\next\dist\compiled\@opentelemetry\api\package.json'
npm warn tar TAR_ENTRY_ERROR ENOENT: no such file or directory, open 'D:\self-blog\node_modules\next\dist\compiled\@vercel\nft\package.json'
npm warn tar TAR_ENTRY_ERROR ENOENT: no such file or directory, open 'D:\self-blog\node_modules\next\dist\compiled\@vercel\og\package.json'
npm warn tar TAR_ENTRY_ERROR ENOENT: no such file or directory, open 'D:\self-blog\node_modules\next\dist\compiled\acorn\package.json'
npm warn tar TAR_ENTRY_ERROR ENOENT: no such file or directory, open 'D:\self-blog\node_modules\next\dist\compiled\amphtml-validator\package.json'
npm warn tar TAR_ENTRY_ERROR ENOENT: no such file or directory, open 'D:\self-blog\node_modules\next\dist\compiled\anser\package.json'
npm warn tar TAR_ENTRY_ERROR ENOENT: no such file or directory, open 'D:\self-blog\node_modules\next\dist\compiled\assert\package.json'
npm warn tar TAR_ENTRY_ERROR ENOENT: no such file or directory, open 'D:\self-blog\node_modules\next\dist\compiled\async-retry\package.json'
npm warn tar TAR_ENTRY_ERROR ENOENT: no such file or directory, open 'D:\self-blog\node_modules\next\dist\compiled\async-sema\package.json'
npm warn tar TAR_ENTRY_ERROR ENOENT: no such file or directory, open 'D:\self-blog\node_modules\next\dist\compiled\babel-code-frame\package.json'
npm warn tar TAR_ENTRY_ERROR ENOENT: no such file or directory, open 'D:\self-blog\node_modules\next\dist\compiled\babel-packages\package.json'
npm warn tar TAR_ENTRY_ERROR ENOENT: no such file or directory, open 'D:\self-blog\node_modules\next\dist\compiled\babel\package.json'
npm warn tar TAR_ENTRY_ERROR ENOENT: no such file or directory, open 'D:\self-blog\node_modules\next\dist\compiled\browserify-zlib\package.json'
npm warn tar TAR_ENTRY_ERROR ENOENT: no such file or directory, open 'D:\self-blog\node_modules\next\dist\compiled\browserslist\package.json'
npm warn tar TAR_ENTRY_ERROR ENOENT: no such file or directory, open 'D:\self-blog\node_modules\next\dist\compiled\buffer\package.json'
npm warn tar TAR_ENTRY_ERROR ENOENT: no such file or directory, open 'D:\self-blog\node_modules\next\dist\compiled\busboy\package.json'
npm warn tar TAR_ENTRY_ERROR ENOENT: no such file or directory, open 'D:\self-blog\node_modules\next\dist\compiled\bytes\package.json'
npm warn tar TAR_ENTRY_ERROR ENOENT: no such file or directory, open 'D:\self-blog\node_modules\next\dist\compiled\ci-info\package.json'
npm warn tar TAR_ENTRY_ERROR ENOENT: no such file or directory, open 'D:\self-blog\node_modules\next\dist\compiled\cli-select\package.json'
npm warn tar TAR_ENTRY_ERROR ENOENT: no such file or directory, open 'D:\self-blog\node_modules\next\dist\compiled\client-only\package.json'
npm warn tar TAR_ENTRY_ERROR ENOENT: no such file or directory, open 'D:\self-blog\node_modules\next\dist\compiled\commander\package.json'
npm warn tar TAR_ENTRY_ERROR ENOENT: no such file or directory, open 'D:\self-blog\node_modules\next\dist\compiled\comment-json\package.json'
npm warn tar TAR_ENTRY_ERROR ENOENT: no such file or directory, open 'D:\self-blog\node_modules\next\dist\compiled\compression\package.json'
npm warn tar TAR_ENTRY_ERROR ENOENT: no such file or directory, open 'D:\self-blog\node_modules\next\dist\compiled\conf\package.json'
npm warn tar TAR_ENTRY_ERROR ENOENT: no such file or directory, lstat 'D:\self-blog\node_modules\next\dist'
npm warn tar TAR_ENTRY_ERROR ENOENT: no such file or directory, open 'D:\self-blog\node_modules\next\dist\compiled\content-disposition\package.json'
npm warn tar TAR_ENTRY_ERROR ENOENT: no such file or directory, open 'D:\self-blog\node_modules\next\dist\compiled\content-type\package.json'
npm warn tar TAR_ENTRY_ERROR ENOENT: no such file or directory, open 'D:\self-blog\node_modules\next\dist\compiled\cookie\package.json'
npm warn tar TAR_ENTRY_ERROR ENOENT: no such file or directory, open 'D:\self-blog\node_modules\next\dist\compiled\cross-spawn\package.json'
npm warn tar TAR_ENTRY_ERROR ENOENT: no such file or directory, open 'D:\self-blog\node_modules\next\dist\compiled\crypto-browserify\package.json'
npm warn tar TAR_ENTRY_ERROR ENOENT: no such file or directory, open 'D:\self-blog\node_modules\next\dist\compiled\css.escape\package.json'
npm warn tar TAR_ENTRY_ERROR ENOENT: no such file or directory, open 'D:\self-blog\node_modules\next\dist\compiled\data-uri-to-buffer\package.json'
npm warn tar TAR_ENTRY_ERROR ENOENT: no such file or directory, open 'D:\self-blog\node_modules\next\dist\compiled\debug\package.json'
npm warn tar TAR_ENTRY_ERROR ENOENT: no such file or directory, open 'D:\self-blog\node_modules\next\dist\compiled\devalue\package.json'
npm warn tar TAR_ENTRY_ERROR ENOENT: no such file or directory, open 'D:\self-blog\node_modules\next\dist\compiled\domain-browser\package.json'
npm warn tar TAR_ENTRY_ERROR ENOENT: no such file or directory, open 'D:\self-blog\node_modules\next\dist\compiled\edge-runtime\package.json'
npm warn tar TAR_ENTRY_ERROR ENOENT: no such file or directory, open 'D:\self-blog\node_modules\next\dist\compiled\events\package.json'
npm warn tar TAR_ENTRY_ERROR ENOENT: no such file or directory, open 'D:\self-blog\node_modules\next\dist\compiled\find-up\package.json'
npm warn tar TAR_ENTRY_ERROR ENOENT: no such file or directory, open 'D:\self-blog\node_modules\next\dist\compiled\fresh\package.json'
npm warn tar TAR_ENTRY_ERROR ENOENT: no such file or directory, open 'D:\self-blog\node_modules\next\dist\compiled\glob\package.json'
npm warn tar TAR_ENTRY_ERROR ENOENT: no such file or directory, open 'D:\self-blog\node_modules\next\dist\compiled\gzip-size\package.json'
npm warn tar TAR_ENTRY_ERROR ENOENT: no such file or directory, open 'D:\self-blog\node_modules\next\dist\compiled\http-proxy-agent\package.json'
npm warn tar TAR_ENTRY_ERROR ENOENT: no such file or directory, open 'D:\self-blog\node_modules\next\dist\compiled\http-proxy\package.json'
npm warn tar TAR_ENTRY_ERROR ENOENT: no such file or directory, open 'D:\self-blog\node_modules\next\dist\compiled\https-browserify\package.json'
npm warn tar TAR_ENTRY_ERROR ENOENT: no such file or directory, open 'D:\self-blog\node_modules\next\dist\compiled\https-proxy-agent\package.json'
npm warn tar TAR_ENTRY_ERROR ENOENT: no such file or directory, open 'D:\self-blog\node_modules\next\dist\compiled\icss-utils\package.json'
npm warn tar TAR_ENTRY_ERROR ENOENT: no such file or directory, open 'D:\self-blog\node_modules\next\dist\compiled\ignore-loader\package.json'
npm warn tar TAR_ENTRY_ERROR ENOENT: no such file or directory, open 'D:\self-blog\node_modules\next\dist\compiled\image-size\package.json'
npm warn tar TAR_ENTRY_ERROR ENOENT: no such file or directory, open 'D:\self-blog\node_modules\next\dist\compiled\is-animated\package.json'
npm warn tar TAR_ENTRY_ERROR ENOENT: no such file or directory, open 'D:\self-blog\node_modules\next\dist\compiled\is-docker\package.json'
npm warn tar TAR_ENTRY_ERROR ENOENT: no such file or directory, open 'D:\self-blog\node_modules\next\dist\compiled\is-wsl\package.json'
npm warn tar TAR_ENTRY_ERROR ENOENT: no such file or directory, open 'D:\self-blog\node_modules\next\dist\compiled\jest-worker\package.json'
npm warn tar TAR_ENTRY_ERROR ENOENT: no such file or directory, open 'D:\self-blog\node_modules\next\dist\compiled\json5\package.json'
npm warn tar TAR_ENTRY_ERROR ENOENT: no such file or directory, open 'D:\self-blog\node_modules\next\dist\compiled\jsonwebtoken\package.json'
npm warn tar TAR_ENTRY_ERROR ENOENT: no such file or directory, open 'D:\self-blog\node_modules\next\dist\compiled\loader-runner\package.json'
npm warn tar TAR_ENTRY_ERROR ENOENT: no such file or directory, open 'D:\self-blog\node_modules\next\dist\compiled\loader-utils2\package.json'
npm warn tar TAR_ENTRY_ERROR ENOENT: no such file or directory, open 'D:\self-blog\node_modules\next\dist\compiled\loader-utils3\package.json'
npm warn tar TAR_ENTRY_ERROR ENOENT: no such file or directory, open 'D:\self-blog\node_modules\next\dist\compiled\lodash.curry\package.json'
npm warn tar TAR_ENTRY_ERROR ENOENT: no such file or directory, open 'D:\self-blog\node_modules\next\dist\compiled\lru-cache\package.json'
npm warn tar TAR_ENTRY_ERROR ENOENT: no such file or directory, open 'D:\self-blog\node_modules\next\dist\compiled\mini-css-extract-plugin\package.json'
npm warn tar TAR_ENTRY_ERROR ENOENT: no such file or directory, open 'D:\self-blog\node_modules\next\dist\compiled\nanoid\package.json'
npm warn tar TAR_ENTRY_ERROR ENOENT: no such file or directory, open 'D:\self-blog\node_modules\next\dist\compiled\native-url\package.json'
npm warn tar TAR_ENTRY_ERROR ENOENT: no such file or directory, open 'D:\self-blog\node_modules\next\dist\compiled\neo-async\package.json'
npm warn tar TAR_ENTRY_ERROR ENOENT: no such file or directory, open 'D:\self-blog\node_modules\next\dist\compiled\node-html-parser\package.json'
npm warn tar TAR_ENTRY_ERROR ENOENT: no such file or directory, open 'D:\self-blog\node_modules\next\dist\compiled\ora\package.json'
npm warn tar TAR_ENTRY_ERROR ENOENT: no such file or directory, open 'D:\self-blog\node_modules\next\dist\compiled\os-browserify\package.json'
npm warn tar TAR_ENTRY_ERROR ENOENT: no such file or directory, open 'D:\self-blog\node_modules\next\dist\compiled\p-limit\package.json'
npm warn tar TAR_ENTRY_ERROR ENOENT: no such file or directory, open 'D:\self-blog\node_modules\next\dist\compiled\p-queue\package.json'
npm warn tar TAR_ENTRY_ERROR ENOENT: no such file or directory, open 'D:\self-blog\node_modules\next\dist\compiled\path-browserify\package.json'
npm warn tar TAR_ENTRY_ERROR ENOENT: no such file or directory, open 'D:\self-blog\node_modules\next\dist\compiled\path-to-regexp\package.json'
npm warn tar TAR_ENTRY_ERROR ENOENT: no such file or directory, open 'D:\self-blog\node_modules\next\dist\compiled\picomatch\package.json'
npm warn tar TAR_ENTRY_ERROR ENOENT: no such file or directory, open 'D:\self-blog\node_modules\next\dist\compiled\postcss-flexbugs-fixes\package.json'
npm warn tar TAR_ENTRY_ERROR ENOENT: no such file or directory, open 'D:\self-blog\node_modules\next\dist\compiled\postcss-modules-extract-imports\package.json'
npm warn tar TAR_ENTRY_ERROR ENOENT: no such file or directory, open 'D:\self-blog\node_modules\next\dist\compiled\postcss-modules-local-by-default\package.json'
npm warn tar TAR_ENTRY_ERROR ENOENT: no such file or directory, open 'D:\self-blog\node_modules\next\dist\compiled\postcss-modules-scope\package.json'
npm warn tar TAR_ENTRY_ERROR ENOENT: no such file or directory, open 'D:\self-blog\node_modules\next\dist\compiled\postcss-modules-values\package.json'
npm warn tar TAR_ENTRY_ERROR ENOENT: no such file or directory, open 'D:\self-blog\node_modules\next\dist\compiled\postcss-preset-env\package.json'
npm warn tar TAR_ENTRY_ERROR ENOENT: no such file or directory, open 'D:\self-blog\node_modules\next\dist\compiled\postcss-safe-parser\package.json'
npm warn tar TAR_ENTRY_ERROR ENOENT: no such file or directory, open 'D:\self-blog\node_modules\next\dist\compiled\postcss-scss\package.json'
npm warn tar TAR_ENTRY_ERROR ENOENT: no such file or directory, open 'D:\self-blog\node_modules\next\dist\compiled\postcss-value-parser\package.json'
npm warn tar TAR_ENTRY_ERROR ENOENT: no such file or directory, open 'D:\self-blog\node_modules\next\dist\compiled\process\package.json'
npm warn tar TAR_ENTRY_ERROR ENOENT: no such file or directory, open 'D:\self-blog\node_modules\next\dist\compiled\punycode\package.json'
npm warn tar TAR_ENTRY_ERROR ENOENT: no such file or directory, open 'D:\self-blog\node_modules\next\dist\compiled\querystring-es3\package.json'
npm warn tar TAR_ENTRY_ERROR ENOENT: no such file or directory, open 'D:\self-blog\node_modules\next\dist\compiled\raw-body\package.json'
npm warn tar TAR_ENTRY_ERROR ENOENT: no such file or directory, open 'D:\self-blog\node_modules\next\dist\compiled\react-dom-experimental\package.json'
npm warn tar TAR_ENTRY_ERROR ENOENT: no such file or directory, open 'D:\self-blog\node_modules\next\dist\compiled\react-dom\package.json'
npm warn tar TAR_ENTRY_ERROR ENOENT: no such file or directory, open 'D:\self-blog\node_modules\next\dist\compiled\react-experimental\package.json'
npm warn tar TAR_ENTRY_ERROR ENOENT: no such file or directory, open 'D:\self-blog\node_modules\next\dist\compiled\react-is\package.json'
npm warn tar TAR_ENTRY_ERROR ENOENT: no such file or directory, open 'D:\self-blog\node_modules\next\dist\compiled\react-refresh\package.json'
npm warn tar TAR_ENTRY_ERROR ENOENT: no such file or directory, open 'D:\self-blog\node_modules\next\dist\compiled\react-server-dom-turbopack-experimental\package.json'
npm warn tar TAR_ENTRY_ERROR ENOENT: no such file or directory, open 'D:\self-blog\node_modules\next\dist\compiled\react-server-dom-turbopack\package.json'
npm warn tar TAR_ENTRY_ERROR ENOENT: no such file or directory, open 'D:\self-blog\node_modules\next\dist\compiled\react-server-dom-webpack-experimental\package.json'
npm warn tar TAR_ENTRY_ERROR ENOENT: no such file or directory, open 'D:\self-blog\node_modules\next\dist\compiled\react-server-dom-webpack\package.json'
npm warn tar TAR_ENTRY_ERROR ENOENT: no such file or directory, open 'D:\self-blog\node_modules\next\dist\compiled\react\package.json'
npm warn tar TAR_ENTRY_ERROR ENOENT: no such file or directory, open 'D:\self-blog\node_modules\next\dist\compiled\regenerator-runtime\package.json'
npm warn tar TAR_ENTRY_ERROR ENOENT: no such file or directory, open 'D:\self-blog\node_modules\next\dist\compiled\safe-stable-stringify\package.json'
npm warn tar TAR_ENTRY_ERROR ENOENT: no such file or directory, open 'D:\self-blog\node_modules\next\dist\compiled\sass-loader\package.json'
npm warn tar TAR_ENTRY_ERROR ENOENT: no such file or directory, open 'D:\self-blog\node_modules\next\dist\compiled\scheduler-experimental\package.json'
npm warn tar TAR_ENTRY_ERROR ENOENT: no such file or directory, open 'D:\self-blog\node_modules\next\dist\compiled\scheduler\package.json'
npm warn tar TAR_ENTRY_ERROR ENOENT: no such file or directory, open 'D:\self-blog\node_modules\next\dist\compiled\schema-utils2\package.json'
npm warn tar TAR_ENTRY_ERROR ENOENT: no such file or directory, open 'D:\self-blog\node_modules\next\dist\compiled\schema-utils3\package.json'
npm warn tar TAR_ENTRY_ERROR ENOENT: no such file or directory, open 'D:\self-blog\node_modules\next\dist\compiled\semver\package.json'
npm warn tar TAR_ENTRY_ERROR ENOENT: no such file or directory, open 'D:\self-blog\node_modules\next\dist\compiled\send\package.json'
npm warn tar TAR_ENTRY_ERROR ENOENT: no such file or directory, open 'D:\self-blog\node_modules\next\dist\compiled\server-only\package.json'
npm warn tar TAR_ENTRY_ERROR ENOENT: no such file or directory, lstat 'D:\self-blog\node_modules\next\dist'
npm warn tar TAR_ENTRY_ERROR ENOENT: no such file or directory, open 'D:\self-blog\node_modules\next\dist\compiled\shell-quote\package.json'
npm warn tar TAR_ENTRY_ERROR ENOENT: no such file or directory, open 'D:\self-blog\node_modules\next\dist\compiled\source-map\package.json'
npm warn tar TAR_ENTRY_ERROR ENOENT: no such file or directory, open 'D:\self-blog\node_modules\next\dist\compiled\source-map08\package.json'
npm warn tar TAR_ENTRY_ERROR ENOENT: no such file or directory, open 'D:\self-blog\node_modules\next\dist\compiled\stacktrace-parser\package.json'
npm warn tar TAR_ENTRY_ERROR ENOENT: no such file or directory, open 'D:\self-blog\node_modules\next\dist\compiled\stream-browserify\package.json'
npm warn tar TAR_ENTRY_ERROR ENOENT: no such file or directory, open 'D:\self-blog\node_modules\next\dist\compiled\stream-http\package.json'
npm warn tar TAR_ENTRY_ERROR ENOENT: no such file or directory, open 'D:\self-blog\node_modules\next\dist\compiled\string_decoder\package.json'
npm warn tar TAR_ENTRY_ERROR ENOENT: no such file or directory, open 'D:\self-blog\node_modules\next\dist\compiled\string-hash\package.json'
npm warn tar TAR_ENTRY_ERROR ENOENT: no such file or directory, open 'D:\self-blog\node_modules\next\dist\compiled\strip-ansi\package.json'
npm warn tar TAR_ENTRY_ERROR ENOENT: no such file or directory, open 'D:\self-blog\node_modules\next\dist\compiled\superstruct\package.json'
npm warn tar TAR_ENTRY_ERROR ENOENT: no such file or directory, open 'D:\self-blog\node_modules\next\dist\compiled\tar\package.json'
npm warn tar TAR_ENTRY_ERROR ENOENT: no such file or directory, open 'D:\self-blog\node_modules\next\dist\compiled\terser\package.json'
npm warn tar TAR_ENTRY_ERROR ENOENT: no such file or directory, open 'D:\self-blog\node_modules\next\dist\compiled\text-table\package.json'
npm warn tar TAR_ENTRY_ERROR ENOENT: no such file or directory, open 'D:\self-blog\node_modules\next\dist\compiled\timers-browserify\package.json'
npm warn tar TAR_ENTRY_ERROR ENOENT: no such file or directory, open 'D:\self-blog\node_modules\next\dist\compiled\tty-browserify\package.json'
npm warn tar TAR_ENTRY_ERROR ENOENT: no such file or directory, lstat 'D:\self-blog\node_modules\next\dist'
npm warn tar TAR_ENTRY_ERROR ENOENT: no such file or directory, lstat 'D:\self-blog\node_modules\next\dist'
npm warn tar TAR_ENTRY_ERROR ENOENT: no such file or directory, open 'D:\self-blog\node_modules\next\dist\compiled\util\package.json'
npm warn tar TAR_ENTRY_ERROR ENOENT: no such file or directory, open 'D:\self-blog\node_modules\next\dist\compiled\vm-browserify\package.json'
npm warn tar TAR_ENTRY_ERROR ENOENT: no such file or directory, open 'D:\self-blog\node_modules\next\dist\compiled\watchpack\package.json'
npm warn tar TAR_ENTRY_ERROR ENOENT: no such file or directory, open 'D:\self-blog\node_modules\next\dist\compiled\web-vitals-attribution\package.json'
npm warn tar TAR_ENTRY_ERROR ENOENT: no such file or directory, open 'D:\self-blog\node_modules\next\dist\compiled\web-vitals\package.json'
npm warn tar TAR_ENTRY_ERROR ENOENT: no such file or directory, open 'D:\self-blog\node_modules\next\dist\compiled\webpack-sources1\package.json'
npm warn tar TAR_ENTRY_ERROR ENOENT: no such file or directory, open 'D:\self-blog\node_modules\next\dist\compiled\webpack-sources3\package.json'
npm warn tar TAR_ENTRY_ERROR ENOENT: no such file or directory, open 'D:\self-blog\node_modules\next\dist\compiled\webpack\package.json'
npm warn tar TAR_ENTRY_ERROR ENOENT: no such file or directory, open 'D:\self-blog\node_modules\next\dist\compiled\ws\package.json'
npm warn tar TAR_ENTRY_ERROR ENOENT: no such file or directory, open 'D:\self-blog\node_modules\next\dist\compiled\zod-validation-error\package.json'
npm warn tar TAR_ENTRY_ERROR ENOENT: no such file or directory, open 'D:\self-blog\node_modules\next\dist\compiled\zod\package.json'
npm warn tar TAR_ENTRY_ERROR ENOENT: no such file or directory, open 'D:\self-blog\node_modules\next\package.json'
npm warn tar TAR_ENTRY_ERROR ENOENT: no such file or directory, open 'D:\self-blog\node_modules\next\dist\esm\lib\server-external-packages.json'
npm warn tar TAR_ENTRY_ERROR ENOENT: no such file or directory, open 'D:\self-blog\node_modules\next\dist\lib\server-external-packages.json'
npm warn tar TAR_ENTRY_ERROR ENOENT: no such file or directory, open 'D:\self-blog\node_modules\next\dist\esm\pages\_app.js.map'
npm warn tar TAR_ENTRY_ERROR ENOENT: no such file or directory, open 'D:\self-blog\node_modules\next\dist\pages\_app.js.map'
npm warn tar TAR_ENTRY_ERROR ENOENT: no such file or directory, open 'D:\self-blog\node_modules\next\dist\esm\pages\_document.js.map'
npm warn tar TAR_ENTRY_ERROR ENOENT: no such file or directory, open 'D:\self-blog\node_modules\next\dist\pages\_document.js.map'
npm warn tar TAR_ENTRY_ERROR ENOENT: no such file or directory, open 'D:\self-blog\node_modules\next\dist\esm\pages\_error.js.map'
npm warn tar TAR_ENTRY_ERROR ENOENT: no such file or directory, open 'D:\self-blog\node_modules\next\dist\esm\server\route-modules\pages\builtin\_error.js.map'
npm warn tar TAR_ENTRY_ERROR ENOENT: no such file or directory, open 'D:\self-blog\node_modules\next\dist\pages\_error.js.map'
npm warn tar TAR_ENTRY_ERROR ENOENT: no such file or directory, open 'D:\self-blog\node_modules\next\dist\server\route-modules\pages\builtin\_error.js.map'
npm warn tar TAR_ENTRY_ERROR ENOENT: no such file or directory, open 'D:\self-blog\node_modules\next\dist\esm\server\normalizers\absolute-filename-normalizer.js.map'
npm warn tar TAR_ENTRY_ERROR ENOENT: no such file or directory, open 'D:\self-blog\node_modules\next\dist\server\normalizers\absolute-filename-normalizer.js.map'
npm warn tar TAR_ENTRY_ERROR ENOENT: no such file or directory, open 'D:\self-blog\node_modules\next\dist\esm\shared\lib\page-path\absolute-path-to-page.js.map'
npm warn tar TAR_ENTRY_ERROR ENOENT: no such file or directory, open 'D:\self-blog\node_modules\next\dist\shared\lib\page-path\absolute-path-to-page.js.map'
npm warn tar TAR_ENTRY_ERROR ENOENT: no such file or directory, open 'D:\self-blog\node_modules\next\dist\esm\server\accept-header.js.map'
npm warn tar TAR_ENTRY_ERROR ENOENT: no such file or directory, open 'D:\self-blog\node_modules\next\dist\server\accept-header.js.map'
npm warn tar TAR_ENTRY_ERROR ENOENT: no such file or directory, open 'D:\self-blog\node_modules\next\dist\client\components\styles\access-error-styles.js.map'
npm warn tar TAR_ENTRY_ERROR ENOENT: no such file or directory, open 'D:\self-blog\node_modules\next\dist\esm\client\components\styles\access-error-styles.js.map'
npm warn tar TAR_ENTRY_ERROR ENOENT: no such file or directory, open 'D:\self-blog\node_modules\next\dist\esm\server\app-render\action-async-storage-instance.js.map'
npm warn tar TAR_ENTRY_ERROR ENOENT: no such file or directory, open 'D:\self-blog\node_modules\next\dist\server\app-render\action-async-storage-instance.js.map'
npm warn tar TAR_ENTRY_ERROR ENOENT: no such file or directory, open 'D:\self-blog\node_modules\next\dist\esm\server\app-render\action-async-storage.external.js.map'
npm warn tar TAR_ENTRY_ERROR ENOENT: no such file or directory, open 'D:\self-blog\node_modules\next\dist\server\app-render\action-async-storage.external.js.map'
npm warn tar TAR_ENTRY_ERROR ENOENT: no such file or directory, open 'D:\self-blog\node_modules\next\dist\build\webpack\loaders\next-flight-loader\action-client-wrapper.js.map'
npm warn tar TAR_ENTRY_ERROR ENOENT: no such file or directory, open 'D:\self-blog\node_modules\next\dist\esm\build\webpack\loaders\next-flight-loader\action-client-wrapper.js.map'
npm warn tar TAR_ENTRY_ERROR ENOENT: no such file or directory, open 'D:\self-blog\node_modules\next\dist\esm\server\app-render\action-handler.js.map'
npm warn tar TAR_ENTRY_ERROR ENOENT: no such file or directory, open 'D:\self-blog\node_modules\next\dist\server\app-render\action-handler.js.map'
npm warn tar TAR_ENTRY_ERROR ENOENT: no such file or directory, open 'D:\self-blog\node_modules\next\dist\esm\server\app-render\action-utils.js.map'
npm warn tar TAR_ENTRY_ERROR ENOENT: no such file or directory, open 'D:\self-blog\node_modules\next\dist\server\app-render\action-utils.js.map'
npm warn tar TAR_ENTRY_ERROR ENOENT: no such file or directory, open 'D:\self-blog\node_modules\next\dist\build\webpack\loaders\next-flight-loader\action-validate.js.map'
npm warn tar TAR_ENTRY_ERROR ENOENT: no such file or directory, open 'D:\self-blog\node_modules\next\dist\esm\build\webpack\loaders\next-flight-loader\action-validate.js.map'
npm warn tar TAR_ENTRY_ERROR ENOENT: no such file or directory, open 'D:\self-blog\node_modules\next\dist\esm\server\web\adapter.js.map'
npm warn tar TAR_ENTRY_ERROR ENOENT: no such file or directory, open 'D:\self-blog\node_modules\next\dist\server\web\adapter.js.map'
npm warn tar TAR_ENTRY_ERROR ENOENT: no such file or directory, open 'D:\self-blog\node_modules\next\dist\esm\shared\lib\router\adapters.js.map'
npm warn tar TAR_ENTRY_ERROR ENOENT: no such file or directory, open 'D:\self-blog\node_modules\next\dist\shared\lib\router\adapters.js.map'
npm warn tar TAR_ENTRY_ERROR ENOENT: no such file or directory, open 'D:\self-blog\node_modules\next\dist\client\add-base-path.js.map'
npm warn tar TAR_ENTRY_ERROR ENOENT: no such file or directory, open 'D:\self-blog\node_modules\next\dist\esm\client\add-base-path.js.map'
npm warn tar TAR_ENTRY_ERROR ENOENT: no such file or directory, open 'D:\self-blog\node_modules\next\dist\client\add-locale.js.map'
npm warn tar TAR_ENTRY_ERROR ENOENT: no such file or directory, open 'D:\self-blog\node_modules\next\dist\esm\client\add-locale.js.map'
npm warn tar TAR_ENTRY_ERROR ENOENT: no such file or directory, open 'D:\self-blog\node_modules\next\dist\esm\shared\lib\router\utils\add-locale.js.map'
npm warn tar TAR_ENTRY_ERROR ENOENT: no such file or directory, open 'D:\self-blog\node_modules\next\dist\shared\lib\router\utils\add-locale.js.map'
npm warn tar TAR_ENTRY_ERROR ENOENT: no such file or directory, open 'D:\self-blog\node_modules\next\dist\esm\shared\lib\router\utils\add-path-prefix.js.map'
npm warn tar TAR_ENTRY_ERROR ENOENT: no such file or directory, open 'D:\self-blog\node_modules\next\dist\shared\lib\router\utils\add-path-prefix.js.map'
npm warn tar TAR_ENTRY_ERROR ENOENT: no such file or directory, open 'D:\self-blog\node_modules\next\dist\esm\shared\lib\router\utils\add-path-suffix.js.map'
npm warn tar TAR_ENTRY_ERROR ENOENT: no such file or directory, open 'D:\self-blog\node_modules\next\dist\shared\lib\router\utils\add-path-suffix.js.map'
npm warn tar TAR_ENTRY_ERROR ENOENT: no such file or directory, open 'D:\self-blog\node_modules\next\dist\esm\server\after\after-context.js.map'
npm warn tar TAR_ENTRY_ERROR ENOENT: no such file or directory, open 'D:\self-blog\node_modules\next\dist\server\after\after-context.js.map'
npm warn tar TAR_ENTRY_ERROR ENOENT: no such file or directory, open 'D:\self-blog\node_modules\next\dist\build\after-production-compile.js.map'
npm warn tar TAR_ENTRY_ERROR ENOENT: no such file or directory, open 'D:\self-blog\node_modules\next\dist\esm\build\after-production-compile.js.map'
npm warn tar TAR_ENTRY_ERROR ENOENT: no such file or directory, open 'D:\self-blog\node_modules\next\dist\esm\server\app-render\after-task-async-storage-instance.js.map'
npm warn tar TAR_ENTRY_ERROR ENOENT: no such file or directory, open 'D:\self-blog\node_modules\next\dist\server\app-render\after-task-async-storage-instance.js.map'
npm warn tar TAR_ENTRY_ERROR ENOENT: no such file or directory, open 'D:\self-blog\node_modules\next\dist\esm\server\app-render\after-task-async-storage.external.js.map'
npm warn tar TAR_ENTRY_ERROR ENOENT: no such file or directory, open 'D:\self-blog\node_modules\next\dist\server\app-render\after-task-async-storage.external.js.map'
npm warn tar TAR_ENTRY_ERROR ENOENT: no such file or directory, open 'D:\self-blog\node_modules\next\dist\esm\server\after\after.js.map'
npm warn tar TAR_ENTRY_ERROR ENOENT: no such file or directory, open 'D:\self-blog\node_modules\next\dist\server\after\after.js.map'
npm warn tar TAR_ENTRY_ERROR ENOENT: no such file or directory, open 'D:\self-blog\node_modules\next\dist\client\components\router-reducer\aliased-prefetch-navigations.js.map'
npm warn tar TAR_ENTRY_ERROR ENOENT: no such file or directory, open 'D:\self-blog\node_modules\next\dist\esm\client\components\router-reducer\aliased-prefetch-navigations.js.map'
npm warn tar TAR_ENTRY_ERROR ENOENT: no such file or directory, open 'D:\self-blog\node_modules\next\dist\esm\lib\metadata\generate\alternate.js.map'
npm warn tar TAR_ENTRY_ERROR ENOENT: no such file or directory, open 'D:\self-blog\node_modules\next\dist\lib\metadata\generate\alternate.js.map'
npm warn tar TAR_ENTRY_ERROR ENOENT: no such file or directory, open 'D:\self-blog\node_modules\next\dist\esm\lib\metadata\types\alternative-urls-types.js.map'
npm warn tar TAR_ENTRY_ERROR ENOENT: no such file or directory, open 'D:\self-blog\node_modules\next\dist\lib\metadata\types\alternative-urls-types.js.map'
npm warn tar TAR_ENTRY_ERROR ENOENT: no such file or directory, open 'D:\self-blog\node_modules\next\dist\build\babel\plugins\amp-attributes.js.map'
npm warn tar TAR_ENTRY_ERROR ENOENT: no such file or directory, open 'D:\self-blog\node_modules\next\dist\esm\build\babel\plugins\amp-attributes.js.map'
npm warn tar TAR_ENTRY_ERROR ENOENT: no such file or directory, open 'D:\self-blog\node_modules\next\dist\esm\server\route-modules\app-page\vendored\contexts\amp-context.js.map'
npm warn tar TAR_ENTRY_ERROR ENOENT: no such file or directory, open 'D:\self-blog\node_modules\next\dist\esm\server\route-modules\pages\vendored\contexts\amp-context.js.map'
npm warn tar TAR_ENTRY_ERROR ENOENT: no such file or directory, open 'D:\self-blog\node_modules\next\dist\server\route-modules\app-page\vendored\contexts\amp-context.js.map'
npm warn tar TAR_ENTRY_ERROR ENOENT: no such file or directory, open 'D:\self-blog\node_modules\next\dist\server\route-modules\pages\vendored\contexts\amp-context.js.map'
npm warn tar TAR_ENTRY_ERROR ENOENT: no such file or directory, open 'D:\self-blog\node_modules\next\dist\esm\shared\lib\amp-context.shared-runtime.js.map'
npm warn tar TAR_ENTRY_ERROR ENOENT: no such file or directory, open 'D:\self-blog\node_modules\next\dist\shared\lib\amp-context.shared-runtime.js.map'
npm warn tar TAR_ENTRY_ERROR ENOENT: no such file or directory, open 'D:\self-blog\node_modules\next\dist\client\dev\amp-dev.js.map'
npm warn tar TAR_ENTRY_ERROR ENOENT: no such file or directory, open 'D:\self-blog\node_modules\next\dist\esm\client\dev\amp-dev.js.map'
npm warn tar TAR_ENTRY_ERROR ENOENT: no such file or directory, open 'D:\self-blog\node_modules\next\dist\esm\shared\lib\amp-mode.js.map'
npm warn tar TAR_ENTRY_ERROR ENOENT: no such file or directory, open 'D:\self-blog\node_modules\next\dist\shared\lib\amp-mode.js.map'
npm warn tar TAR_ENTRY_ERROR ENOENT: no such file or directory, open 'D:\self-blog\node_modules\next\dist\esm\shared\lib\amp.js.map'
npm warn tar TAR_ENTRY_ERROR ENOENT: no such file or directory, open 'D:\self-blog\node_modules\next\dist\shared\lib\amp.js.map'
npm warn tar TAR_ENTRY_ERROR ENOENT: no such file or directory, open 'D:\self-blog\node_modules\next\dist\telemetry\anonymous-meta.js.map'
npm warn tar TAR_ENTRY_ERROR ENOENT: no such file or directory, open 'D:\self-blog\node_modules\next\dist\esm\server\api-utils\node\api-resolver.js.map'
npm warn tar TAR_ENTRY_ERROR ENOENT: no such file or directory, open 'D:\self-blog\node_modules\next\dist\server\api-utils\node\api-resolver.js.map'
npm warn tar TAR_ENTRY_ERROR ENOENT: no such file or directory, open 'D:\self-blog\node_modules\next\dist\build\webpack\loaders\css-loader\src\runtime\api.js.map'
npm warn tar TAR_ENTRY_ERROR ENOENT: no such file or directory, open 'D:\self-blog\node_modules\next\dist\esm\build\webpack\loaders\css-loader\src\runtime\api.js.map'
npm warn tar TAR_ENTRY_ERROR ENOENT: no such file or directory, open 'D:\self-blog\node_modules\next\dist\client\app-bootstrap.js.map'
npm warn tar TAR_ENTRY_ERROR ENOENT: no such file or directory, open 'D:\self-blog\node_modules\next\dist\esm\client\app-bootstrap.js.map'
npm warn tar TAR_ENTRY_ERROR ENOENT: no such file or directory, open 'D:\self-blog\node_modules\next\dist\client\app-build-id.js.map'
npm warn tar TAR_ENTRY_ERROR ENOENT: no such file or directory, open 'D:\self-blog\node_modules\next\dist\esm\client\app-build-id.js.map'
npm warn tar TAR_ENTRY_ERROR ENOENT: no such file or directory, open 'D:\self-blog\node_modules\next\dist\build\webpack\plugins\app-build-manifest-plugin.js.map'
npm warn tar TAR_ENTRY_ERROR ENOENT: no such file or directory, open 'D:\self-blog\node_modules\next\dist\esm\build\webpack\plugins\app-build-manifest-plugin.js.map'
npm warn tar TAR_ENTRY_ERROR ENOENT: no such file or directory, open 'D:\self-blog\node_modules\next\dist\esm\server\normalizers\built\app\app-bundle-path-normalizer.js.map'
npm warn tar TAR_ENTRY_ERROR ENOENT: no such file or directory, open 'D:\self-blog\node_modules\next\dist\server\normalizers\built\app\app-bundle-path-normalizer.js.map'
npm warn tar TAR_ENTRY_ERROR ENOENT: no such file or directory, open 'D:\self-blog\node_modules\next\dist\client\app-call-server.js.map'
npm warn tar TAR_ENTRY_ERROR ENOENT: no such file or directory, open 'D:\self-blog\node_modules\next\dist\esm\client\app-call-server.js.map'
npm warn tar TAR_ENTRY_ERROR ENOENT: no such file or directory, open 'D:\self-blog\node_modules\next\dist\esm\next-devtools\userspace\app\app-dev-overlay-error-boundary.js.map'
npm warn tar TAR_ENTRY_ERROR ENOENT: no such file or directory, open 'D:\self-blog\node_modules\next\dist\next-devtools\userspace\app\app-dev-overlay-error-boundary.js.map'
npm warn tar TAR_ENTRY_ERROR ENOENT: no such file or directory, open 'D:\self-blog\node_modules\next\dist\esm\next-devtools\userspace\app\app-dev-overlay-setup.js.map'
npm warn tar TAR_ENTRY_ERROR ENOENT: no such file or directory, open 'D:\self-blog\node_modules\next\dist\next-devtools\userspace\app\app-dev-overlay-setup.js.map'
npm warn tar TAR_ENTRY_ERROR ENOENT: no such file or directory, open 'D:\self-blog\node_modules\next\dist\esm\server\lib\app-dir-module.js.map'
npm warn tar TAR_ENTRY_ERROR ENOENT: no such file or directory, open 'D:\self-blog\node_modules\next\dist\server\lib\app-dir-module.js.map'
npm warn tar TAR_ENTRY_ERROR ENOENT: no such file or directory, open 'D:\self-blog\node_modules\next\dist\api\app-dynamic.js.map'
npm warn tar TAR_ENTRY_ERROR ENOENT: no such file or directory, open 'D:\self-blog\node_modules\next\dist\esm\api\app-dynamic.js.map'
npm warn tar TAR_ENTRY_ERROR ENOENT: no such file or directory, open 'D:\self-blog\node_modules\next\dist\esm\shared\lib\app-dynamic.js.map'
npm warn tar TAR_ENTRY_ERROR ENOENT: no such file or directory, open 'D:\self-blog\node_modules\next\dist\shared\lib\app-dynamic.js.map'
npm warn tar TAR_ENTRY_ERROR ENOENT: no such file or directory, open 'D:\self-blog\node_modules\next\dist\esm\server\normalizers\built\app\app-filename-normalizer.js.map'
npm warn tar TAR_ENTRY_ERROR ENOENT: no such file or directory, open 'D:\self-blog\node_modules\next\dist\server\normalizers\built\app\app-filename-normalizer.js.map'
npm warn tar TAR_ENTRY_ERROR ENOENT: no such file or directory, open 'D:\self-blog\node_modules\next\dist\client\app-find-source-map-url.js.map'
npm warn tar TAR_ENTRY_ERROR ENOENT: no such file or directory, open 'D:\self-blog\node_modules\next\dist\esm\client\app-find-source-map-url.js.map'
npm warn tar TAR_ENTRY_ERROR ENOENT: no such file or directory, open 'D:\self-blog\node_modules\next\dist\client\app-globals.js.map'
npm warn tar TAR_ENTRY_ERROR ENOENT: no such file or directory, open 'D:\self-blog\node_modules\next\dist\esm\client\app-globals.js.map'
npm warn tar TAR_ENTRY_ERROR ENOENT: no such file or directory, open 'D:\self-blog\node_modules\next\dist\client\app-index.js.map'
npm warn tar TAR_ENTRY_ERROR ENOENT: no such file or directory, open 'D:\self-blog\node_modules\next\dist\esm\client\app-index.js.map'
npm warn tar TAR_ENTRY_ERROR ENOENT: no such file or directory, open 'D:\self-blog\node_modules\next\dist\esm\server\lib\app-info-log.js.map'
npm warn tar TAR_ENTRY_ERROR ENOENT: no such file or directory, open 'D:\self-blog\node_modules\next\dist\server\lib\app-info-log.js.map'
npm warn tar TAR_ENTRY_ERROR ENOENT: no such file or directory, open 'D:\self-blog\node_modules\next\dist\client\app-link-gc.js.map'
npm warn tar TAR_ENTRY_ERROR ENOENT: no such file or directory, open 'D:\self-blog\node_modules\next\dist\esm\client\app-link-gc.js.map'
npm warn tar TAR_ENTRY_ERROR ENOENT: no such file or directory, open 'D:\self-blog\node_modules\next\dist\client\app-next-dev.js.map'
npm warn tar TAR_ENTRY_ERROR ENOENT: no such file or directory, open 'D:\self-blog\node_modules\next\dist\esm\client\app-next-dev.js.map'
npm warn tar TAR_ENTRY_ERROR ENOENT: no such file or directory, open 'D:\self-blog\node_modules\next\dist\client\app-next-turbopack.js.map'
npm warn tar TAR_ENTRY_ERROR ENOENT: no such file or directory, open 'D:\self-blog\node_modules\next\dist\esm\client\app-next-turbopack.js.map'
npm warn tar TAR_ENTRY_ERROR ENOENT: no such file or directory, open 'D:\self-blog\node_modules\next\dist\client\app-next.js.map'
npm warn tar TAR_ENTRY_ERROR ENOENT: no such file or directory, open 'D:\self-blog\node_modules\next\dist\esm\client\app-next.js.map'
npm warn tar TAR_ENTRY_ERROR ENOENT: no such file or directory, open 'D:\self-blog\node_modules\next\dist\compiled\next-server\app-page-experimental.runtime.dev.js.map'
npm warn tar TAR_ENTRY_ERROR ENOENT: no such file or directory, open 'D:\self-blog\node_modules\next\dist\compiled\next-server\app-page-experimental.runtime.prod.js.map'
npm warn tar TAR_ENTRY_ERROR ENOENT: no such file or directory, open 'D:\self-blog\node_modules\next\dist\esm\server\normalizers\built\app\app-page-normalizer.js.map'
npm warn tar TAR_ENTRY_ERROR ENOENT: no such file or directory, open 'D:\self-blog\node_modules\next\dist\server\normalizers\built\app\app-page-normalizer.js.map'
npm warn tar TAR_ENTRY_ERROR ENOENT: no such file or directory, open 'D:\self-blog\node_modules\next\dist\esm\server\route-definitions\app-page-route-definition.js.map'
npm warn tar TAR_ENTRY_ERROR ENOENT: no such file or directory, open 'D:\self-blog\node_modules\next\dist\server\route-definitions\app-page-route-definition.js.map'
npm warn tar TAR_ENTRY_ERROR ENOENT: no such file or directory, open 'D:\self-blog\node_modules\next\dist\esm\server\route-matches\app-page-route-match.js.map'
npm warn tar TAR_ENTRY_ERROR ENOENT: no such file or directory, open 'D:\self-blog\node_modules\next\dist\server\route-matches\app-page-route-match.js.map'
npm warn tar TAR_ENTRY_ERROR ENOENT: no such file or directory, open 'D:\self-blog\node_modules\next\dist\esm\server\route-matcher-providers\app-page-route-matcher-provider.js.map'
npm warn tar TAR_ENTRY_ERROR ENOENT: no such file or directory, open 'D:\self-blog\node_modules\next\dist\server\route-matcher-providers\app-page-route-matcher-provider.js.map'
npm warn tar TAR_ENTRY_ERROR ENOENT: no such file or directory, open 'D:\self-blog\node_modules\next\dist\esm\server\route-matchers\app-page-route-matcher.js.map'
npm warn tar TAR_ENTRY_ERROR ENOENT: no such file or directory, open 'D:\self-blog\node_modules\next\dist\server\route-matchers\app-page-route-matcher.js.map'
npm warn tar TAR_ENTRY_ERROR ENOENT: no such file or directory, open 'D:\self-blog\node_modules\next\dist\compiled\next-server\app-page-turbo-experimental.runtime.dev.js.map'
npm warn tar TAR_ENTRY_ERROR ENOENT: no such file or directory, open 'D:\self-blog\node_modules\next\dist\compiled\next-server\app-page-turbo-experimental.runtime.prod.js.map'
npm error code ECONNRESET
npm error syscall read
npm error errno -4077
npm error network read ECONNRESET
npm error network This is a problem related to network connectivity.
npm error network In most cases you are behind a proxy or have bad network settings.
npm error network
npm error network If you are behind a proxy, please make sure that the
npm error network 'proxy' config is set properly.  See: 'npm help config'
npm error A complete log of this run can be found in: C:\Users\暮羽中\AppData\Local\npm-cache\_logs\2026-04-30T08_41_27_563Z-debug-0.log
